"place_num","place_name","place_img","place_addr","place_time","place_detail"
1,서울도서관,0,서울특별시 중구 세종대로 110,"[일반자료실, 디지털자료실, 장애인자료실]
평일 09:00 ~ 21:00, 주말 09:00 ~ 18:00
[서울자료실, 세계자료실]
평일 09:00 ~ 18:00, 주말 09:00 ~ 18:00
 ※ 매일 14:00 ~ 14:30 자료실 소독 및 환기(퇴관 및 입자울가)",책이 보물이 되는 복합문화공간
2,시민청,1,서울특별시 중구 세종대로 110,동절기(11월~2월) : 09:00~20:00하절기(3월~10월) : 09:00~21:00,"수준 높은 공연과 전시를 부담 없이 즐기고 이웃들과 마을 모임을 열 수 있으며, 서울 시정에 참여할 수 있는 공간"
3,서울광장,2,서울특별시 중구 세종대로 110,문의바람,역사적 무대에서 시민의 공간으로
4,서울도시건축전시관,3,서울특별시 중구 세종대로 119,"10:00~18:00 (입장 마감 17:30)","서울의 어제를 조명, 오늘을 기록하며 미래를 만들어가는 공간"
5,서울광장 스케이트장,4,서울특별시 중구 을지로 12 시청광장지하쇼핑센터,"일~목 10:00 - 21:30금,토,공휴일 10:00 - 23:00","2004년에 조성된 '서울광장'은 보름달을 연상시키는 타원형의 잔디광장으로 연중 공연, 전시 등 다양한 문화행사가 펼쳐지는 시민들을 위한 공간이다"
6,경성 부민관 폭탄 의거지,5,서울특별시 중구 세종대로 125,문의바람,민족의 독립의지를 보여주는 곳
7,대한성공회 서울주교좌성당,6,서울특별시 중구 세종대로21길 15,"11:00~16:00 (주말은 전화문의)",로마네스크 양식에 한국 전통 건축 기법을 사용한 성당
8,환구단,7,서울특별시 중구 소공로 112,문의바람,천자가 하늘에 제사드리는 제천단
9,덕수궁,8,서울특별시 중구 세종대로 99,"입장시간 : 09:00~20:00
관람시간 : 09:00~21:00
※ 야간 개방 오후 21:00 까지
※ 매주 월요일 휴궁",그 시절부터 우리가 사랑한 서울의 다섯 궁궐 ②
10,조선일보미술관,9,서울특별시 중구 세종대로21길 33,"10:00~18:00 (전시에 따라 다름)",수준 높은 전시와 새로운 미술 문화의 영역을 확대시키는 곳
11,덕수궁 대한문,10,서울특별시 중구 세종대로 99,덕수궁 관람시간 09:00~21:00(입장 마감 20:00),덕수궁의 정문인 대한문
12,덕수궁 돌담길,11,서울특별시 중구 세종대로 지하 101,상시 가능,낭만이 가득한 덕수궁 돌담길
13,신한은행 한국금융사박물관,12,서울특별시 중구 세종대로 135-5,"10:00~18:00 ( ※ 17시까지 입장마감)",한국금융사박물관은 우리나라 금융 발전사에 대한 이해를 돕고자 1997년 신한은행이 설립한 국내 최초의 금융사 전문 박물관이다
14,국립현대미술관 덕수궁,13,서울특별시 중구 세종대로 99,"화,목,금,일 10:00~19:00 
수,토 10:00~21:00 (야간개장) 
※ 입장시간 : 관람종료 1시간 전까지 가능
※ 전시에 따라 변동 가능",고궁 속 미술관
15,롯데호텔 실내수영장,14,서울특별시 중구 을지로 30,"06:00~22:00",최상의 수질을 자랑하는 수영장
16,청계광장,15,서울특별시 중구 청계천로 8,"00:00 - 24:00",자연 친화적인 생태환경을 갖춘 광장
17,정동전망대,16,서울특별시 중구 덕수궁길 15,매주 주말 09:00~17:30 (입장 마감 17:00),"정동전망대는 서울시청 서소문 청사 13층에 위치해있으며, 전망대 안에는 카페가 있어 음료를 즐길 수 있다"
18,호텔롯데 휘트니스클럽,17,서울특별시 중구 을지로 30,"24시간
(영업종료(22:30) 후 이용시 객실카드를 소지하고 당직데스크(02-759-7394)로 문의 후 이용)","데호텔 서울 메인타워 4층에 위치한 피트니스 센터는 PT Studio, GX Studio 등의 최신 시설을 갖추고 있다"
19,롯데호텔서울 설화수 스파,18,"서울시 중구 을지로 30 롯데호텔 3, 4층","10:30~21:00",마음의 안정
20,일민미술관,19,서울특별시 종로구 세종대로 152,"화~일/공휴일 11:00~19:00
※ 개관시간은 전시에 따라 변경 가능",일민미술관은 평생을 언론과 문화진흥에 바친 일민 김상만선생(전 동아일보 명예회장)의 유지를 기리는 일민문화재단에서 운영한다
21,신문박물관,20,서울특별시 종로구 세종대로 152,화요일~일요일 10:00~18:30 (매표마감 18:00)※일민미술관 기획전 기간 30분 연장 운,Presseum
22,정동1928아트센터,21,서울특별시 중구 덕수궁길 130,"09:00~18:00 (브레이크타임 12:00 ~ 13:00)",다양한 문화예술 활동을 선보이는 복합문화공간
23,하이커 그라운드,22,서울특별시 중구 청계천로 40 한국관광공사 서울센터,"1층, 5층
월~일 09:00~20:00
2층~4층
화~일 10:00~19:00
※ 운영시간 종료 20분전까지 입장 가능",실감체험이 가능한 멀티버스 한국관광 랜
24,위라이드 서울전차,23,서울특별시 중구 청계천로 40 한국관광공사 서울센터,"- 월요일, 금요일, 토요일, 일요일 10:25~19:00(총 8회)
- 목요일 15:25~19:00(4회만 운영)",서울을 만나는 색다른 방법
25,서울시립미술관(서소문본관),24,서울특별시 중구 덕수궁길 61,"하절기(3~10월) 10:00~20:00 (토·일·공휴일 19:00까지)
동절기(11~2월) 10:00~20:00 (토·일·공휴일 18:00까지)
※ 뮤지엄나이트 운영 : 매월 둘째주 수요일, 마지막 주 수요일) 22:00까지 연장 개관
※ 관람종료 1시간 전까지 입장 가능",고궁이 품은 르네상스의 신세계
26,국립 정동극장,25,서울특별시 중구 정동길 43,공연별로 다름(홈페이지 참조),시민들의 이웃과 같은 생활 속의 열린 문화공간
27,중명전,26,서울특별시 중구 정동길 41-11,"[입장시간] 09:30~17:00
[관람시간] 09:30~17:30","덕수궁(德壽宮) 돌담길을 돌아 뒤쪽으로 가면 현재 정동극장이 있고, 그 골목으로 들어가면 '중명전(重明殿)'이 있다"
28,(주)교보문고,27,서울특별시 종로구 종로 1,"09:30~22:00","민교육진흥의 실천적 구현, 독서인구 저변확대"
29,정동교회 이필주 사택 터,28,서울특별시 중구 정동길 46,문의바람,이필주 목사의 사택이 있던 곳
30,서울 정동교회,29,서울특별시 중구 정동길 46,문의바람,유일하게 남아있는 19세기 교회 건물
31,서울 종로 낙지볶음 골목,30,서울특별시 종로구 종로 19,문의바람,맛있는 세월의 향기가 도는 곳
32,화폐박물관,31,서울특별시 중구 남대문로 39,매주 화요일~일요일 10:00 ~ 17:00,서울 중구 중심에 위치한 흰색 바탕의 르네상스식 석조건물인 화폐박물관은 우리나라를 대표하는 중앙은행 박물관으로 건물이 국가중요문화재(사적 280호)로 지정되어 있다
33,배재학당역사박물관,32,서울특별시 중구 서소문로11길 19,"10:00 ~ 17:00","1885년 미국인 선교사 아펜젤러(Henry Gerhart Appenzeller, 1858~1902)가 세운 한국 최초의 서양식 근대교육기관이다"
34,주한영국문화원,33,서울특별시 중구 서소문로11길 19,"평일 12:00 - 19:30 공휴일 제외
주말 09:30 - 18:30","영국문화원은 교육, 문화, 과학기술 분야에서의 대외협력을 위한 영국정부의 공식기관의 역할을 수행하는 비영리 기관으로 1973년 8월 서울에 설립되어, 영국유학안내, 어학센터, 각종 영국 시험 운영 등의 서비스 및 문화예술, 과학기술, 영어교육 및 교육 전반에 대한 다양한 프로젝트와 교류 프로그램을 제공하고 있다"
35,이화여고100주년기념관,34,서울특별시 중구 정동길 26,공연 및 행사 별 상이,서울 중구 정동길 이화여고 동문 옆에 있는 이화여고 100주년기념관은 1975년의 화재로 철거된 프라이홀(Frey Hall) 자리에 건립한 교육관이다
36,롤파크,35,서울특별시 종로구 종로 33,매일 11:00 ~ 20:00,대한민국 최대 규모의 롤 대회가 개최되는 공간
37,명동난타극장,36,서울특별시 중구 명동길 26,홈페이지 참고,대한민국 대표 문화상품인 넌버벌(Non-Verbal) 퍼포먼스 '난타'가 12주년을 맞아 쇼핑관광의 중심 명동에 난타전용극장을 열었다
38,명동예술극장,37,서울특별시 중구 명동길 35,공연시간에 따라 다름,명동예술극장은 '옛 명동 국립극장'으로 쓰였던 건물을 복원하여 새롭게 탄생한 연극 전문 공연장이다
39,서울 구 러시아공사관,38,서울특별시 중구 정동길 21-18,문의바람,"대한제국의 길을 따라 - 고종의 길, 구 러시아공사관"
40,보신각 터,39,서울특별시 종로구 종로 54,제한 없음,다 함께 새해를 맞이하는 곳
41,세화미술관,40,서울특별시 종로구 새문안로 68,"10:00~18:00 (매표마감 17:30) 
※ 문화가 있는 날(매달 마지막 주 수요일) 21:00까지",보고 즐기고 소통하는 현대미술
42,세종충무공이야기,41,서울특별시 종로구 세종대로 지하 175,"10:00 ~ 18:30 (입장마감 18:00)",도심 속에서 생생한 역사를 체험할 수 있는 공간
43,나석주의사동상,42,서울특별시 중구 을지로 66,문의바람,조국을 위해 기꺼이 목숨을 바쳤던 나석주 의사의 숭고한 희생정신을 추모하기 위해 현재 외환은행 본점이 위치한 옛 동양척식주식회사 자리에 그의 동상이 건립되어 있다
44,상동교회,43,서울특별시 중구 남대문로 30,문의바람,민족운동의 인재를 길러낸 곳
45,명동관광정보센터,44,서울특별시 중구 을지로 66,"09:00 ~ 18:00",특별한 체험을 하는 곳
46,KT스퀘어,45,서울특별시 종로구 세종대로 178 KT 광화문 빌딩 West,"09:00~20:00 (주말 및 공휴일 동일)",체험과 공연을 함께 즐기는 복합문화공간
47,명동,46,서울특별시 중구 을지로 66,문의바람,"쇼핑의 중심지, 대표적인 관광명소"
48,세종대왕 동상,47,서울특별시 종로구 세종대로 175,광화문 광장은 도심 열린 광장으로 연중 24시간 상시 개방,"민족의 자긍심을 높이고, 민족의 우수성을 세계에 널리 알린다"
49,세종문화회관,48,서울특별시 종로구 세종대로 175,"공연, 전시에  따라 다름",세종문화회관은 시민의 문화향수 기회를 확대하고 문화창달에 기여할 수 있는 문화예술공간의 조성과 운영 등을 통해 서울시 시민문화복지 구현에 이바지할 것을 목적으로 1999년 7월 1일 재단법인으로 출범하였다
50,SK텔레콤 미래기술체험관 T.um(티움),49,서울특별시 중구 을지로 65,평일 : 10:00~18:00,"생활 전반이 혁신되는 새로운 세상, 세상 모든 것이 연결되는 미래

순수한 우리말로 ‘싹을 틔우다’라는 의미를 보유하고 있는 ICT 뮤지엄으로 SK텔레콤의 기술력을 체험할 수 있는 공간이다"
51,우표박물관 (구.우표문화누리),50,서울특별시 중구 소공로 70,"09:00~17:00 (네이버 사전예약 시스템 운영)",우표에 관한 모든 것을 만나고 배울 수 있는 곳
52,충무공 이순신 동상,51,서울특별시 종로구 세종대로 175,"00:00~24:00",광화문의 충무공 이순신 장군 동상은 정부의 산하 단체였던 애국선열 조상건립위원회와 서울신문사의 공동주관으로 1968년 4월 27일 건립되었다
53,국토발전전시관,52,서울특별시 중구 정동길 18,화~일요일 09:30 - 17:30,"국토발전, 성장과 균형을 넘어 새로운 비상으로"
54,광화문광장,53,서울특별시 종로구 세종대로 172,"24시간 개방",새로운 시민중심 대한민국 대표공간
55,유관순기념관(서울),54,서울특별시 중구 통일로4길 30-1,문의바람,"1974년 완공 이후 여러 차례 증축을 통해 현재 1,700석 규모의 강당으로 되어 있으며, 이화인의 시작과 끝인 입학식과 졸업식이 이곳에서 거행된다"
56,서울역사박물관,55,서울특별시 종로구 새문안로 55 서울역사박물관,"9:00 ~ 18:00 ※ 주중 · 주말 동일 (2021년 11월 2일부터 적용)","조선시대를 중심으로 선사시대부터 현대까지
서울의 역사·문화를 정리하여 보여주는 도시역사박물관"
57,우당 이회영 선생 흉상,56,서울특별시 중구 명동11길 20,문의바람,대한의 독립을 위해 앞장섰던 애국지사
58,대한제국군 서울시가 전투지,57,서울특별시 중구 세종대로 39,문의바람,대한제국군의 신념
59,경희궁 흥화문,58,서울특별시 종로구 새문안로 55,문의바람,조선 광해군 때 세워진 경희궁 정문
60,공평도시유적전시관,59,서울특별시 종로구 우정국로 26,"09:00~18:00",도시 유적과 기억을 원래 위치에 전면적으로 보존하다
61,숭례문,60,서울특별시 중구 세종대로 40,"[개방시간] 09:00~18:00
※ 6~8월은 18:30까지 개방
※ 12~2월은 17:30까지 개방",현존하는 한국 성문 중 가장 규모가 큰 국보 숭례문
62,명동 남대문 북창동 다동무교동 관광특구,61,서울특별시 중구 세종대로 40,문의바람,외국인이 많이 찾는 쇼핑과 먹을거리의 명소
63,서울 중구문화원,62,서울특별시 중구 청계천로 86,"09:00~18:00(갤러리)
※ 프로그램 별 상이",서울의 중심 중구의 문화원
64,정동길,63,서울특별시 중구 정동길 2-1,"00:00~24:00","서울 시내에서 가장 유명한 산책길 중의 하나로, 정동교회 앞 사거리에서 이화여자고등학교 동문 앞을 지나 새문안길에 이르는 구간이다"
65,남대문 갈치조림골목,64,서울특별시 중구 남대문시장길 16-17,문의바람,칼칼한 맛이 일품 남대문시장 갈치조림골목
66,민영환 자결터,65,서울특별시 종로구 공평동,문의바람,"한말의 충신 민영환은 을사늑약의 폐기를 궁궐 앞에서 주장하다가 일본 헌병의 강제해산으로 실패하자 1905년 11월 30일 새벽 6시에 청지기의 집에서 국민, 외교사절, 황제에게 보내는 유서 3통을 남기고 자결하였다"
67,대한민국 임시정부 서울연통부 터,66,서울특별시 중구 서소문로9길 14,문의바람,비밀리에 만든 조직인 대한민국임시정부 직할의 서울연통부가 있었던 자리
68,생명보험교육문화센터,67,서울특별시 종로구 새문안로5길 31 센터포인트 B/D 3층,"■ 체험학습 1일 3회 2시간 운영
   1회 : 10:00~12:00
   2회 : 13:00~15:00
   3회 : 15:30~17:00
■ 진로학습 4시간 운영 (진행 가능 요일 협의 가능)
    1회 : 10:00~15:00",체험의 공간
69,세종로공원,68,서울특별시 종로구 세종대로 지하 189,문의바람,서울 광화문 도심속의 작은 힐링
70,서울 YMCA 사회체육부,69,서울특별시 종로구 종로 69,"06:00~21:00",우리나라 스포츠 진흥의 중심지 역할을 하는 곳
71,이충순 자결 터,70,서울특별시 중구 서소문로 88,문의바람,이충순 지사는 충청남도 홍성(洪城) 출신이다
72,이재명 의거지,71,서울특별시 중구 명동길 74,문의바람,"1909년12월22일 청년지사 이재명이 친일 매국노 이완용을 처단하기 위해 의거한 곳"
73,문화일보홀,72,서울특별시 중구 새문안로 22,공연에 따라 다름,우리나라 최초의 연극 전용 극장
74,대한민국역사박물관,73,서울특별시 종로구 세종대로 198,"평일 10:00~18:00
※ 수요일, 토요일은 21:00까지 야간개장
※ 입장시간 : 관람 종료 1시간 전까지 가능",최초의 국립 근현대사박물관
75,K-컬처 스크린(대한민국역사박물관),74,서울특별시 종로구 세종로,"00:00~24:00",광화문 광장에서 만나는 초대형 외벽 스크린
76,농업박물관,75,서울특별시 중구 새문안로 16,"3월-10월 09:30 ~ 18:00 / 11월-2월 09:30 ~ 17:30","농업박물관은 농업인들이 기증한 전통 농경유물을 잘 보존해 후대 교육용으로 활용하기 위해 1987년 설립된 국내 최초의 농업전문박물관으로, 선사시대부터 현대에 이르기까지 한국 농업의 발달과정을 한눈에 볼 수 있도록 유물·자료·농기구·운반도구 등을 전시하고 있다"
77,오휘&후스파명동,76,서울특별시 중구 명동10길 41,"10:00 ~ 22:00 / 접수마감 20:00",몸과 마음의 힐링을 얻을수 있는 강남구 뷰티스파
78,동산방화랑,77,서울특별시 종로구 인사동9길 35,평일 9:00~18:00 / 토요일 09:00~12:00,"한국화 위주의 전시 및 상설전을 주로 개최하며, 서양화 및 동양화, 조각, 판화와 한국, 중국의 목판화 상설전을 개최한다"
79,조형갤러리,78,서울특별시 종로구 인사동5길 29,"10:30∼18:30",작품을 더 빛나게 하는 갤러리
80,서울 애니메이션센터,79,서울특별시 중구 회현동2가,"10:00~18:00(월요일 및 공휴일 휴무)",상상 속의 친구들을 현실에서 만나볼 수 있는 공간
81,주한 프랑스문화원,80,서울특별시 중구 칠패로 42,"월,수,목,금,토 11:00~18:00 
화 11:00~21:00","주한 프랑스문화원은 한국에서 프랑스를 사랑하고 불어를 쓰는 분들을 위해, 프랑스의 역사, 문화, 언어에 호기심을 가지고 있는 분들을 위해, 그리고 프랑스 또는 유럽에서 공부 하기를 원하는 학생들을 위해서 다양한 정보를 제공하고 있다"
82,돈의문박물관마을,81,서울특별시 종로구 송월길 14-3,"10:00~19:00",반려동물과 함께 느껴보는 근현대 서울의 삶
83,보성사터,82,서울특별시 종로구 수송동,상시 가능,보성사는 1910년 말 창신사와 보성학원 소속 보성사 인쇄소를 합병하여 만든 천도교 계통의 인쇄소이다
84,조계사(서울),83,서울특별시 종로구 우정국로 55,문의바람,한국 불교의 중심 사찰
85,서울 명동성당,84,서울특별시 중구 명동길 74,문의바람,"한국 가톨릭의 대표 성지이며, 우리나라 최초의 고딕 양식으로서
기념비적인 건축물인 명동성당"
86,승동교회,85,서울특별시 종로구 인사동길 7-1,문의바람,한국 기독교의 역사가 숨쉬는 곳
87,명동사격장,86,서울특별시 중구 명동8가길 27,매일 11:00 ~ 20:00,도심 속에서 사격을 즐기다!
88,갤러리 라메르,87,서울특별시 종로구 인사동5길 26,"10:30~18:00",인사동 미술 전시회
89,경희궁공원,88,서울특별시 종로구 새문안로 55,문의바람,"종로구 신문로에 있으며 흥화문, 숭정전 등 문화재와 시립미술관, 서울 정도 600년 기념관 등이 있어 공원과 더불어 문화공간으로도 활용되고 있다"
90,갤러리정,89,서울특별시 종로구 경희궁2길 12,월-토 10:00 ~ 18:00,갤러리정은 2001년 서울의 문화 중심지인 광화문에 개관한 이래 매년 수십 회의 '초대전' 및 '기획전'을 열어왔다
91,아라아트센터,90,서울특별시 종로구 인사동9길 26,매일 10:00 - 19:00(전시별 관람시간 상이),인사동 대규모 문화공간
92,서울 경교장,91,서울특별시 종로구 새문안로 29,"09:00 ~ 18:00 (17:30 입장마감)",대한민국임시정부의 마지막 청사
93,신석구 사택 터,92,서울특별시 중구 청계천로 100,문의바람,국가보훈처 지정 현충시설 10-1-31호
94,경희궁,93,서울특별시 종로구 새문안로 45,"09:00~18:00",그 시절부터 우리가 사랑한 서울의 다섯 궁궐 ③
95,템플스테이 홍보관,94,서울특별시 종로구 우정국로 56,문의바람,한국 전통문화의 풍부한 볼거리가 있는 곳
96,아름다운 차박물관,95,서울특별시 종로구 인사동길 19-11,"11:30~20:00",향긋한 차 문화를 더 널리 알리다
97,백악미술관,96,서울특별시 종로구 인사동9길 16,"10:00~18:00
※ 매주 목요일~다음주 수요일 (주일단위 전시)",일중 김충현 선생님의 작품을 볼 수 있는 곳
98,서울 우정총국,97,서울특별시 종로구 우정국로 59,문의바람,안국동 사거리에서 종각 방향으로 우정국로에 들어서서 바로 오른쪽으로 민가와 나란히 위치한 조그마한 건물이 우정총국(郵征總局)이다
99,보나장신구박물관,98,서울특별시 종로구 인사동9길 9,"화~토 10:30~18:30
일요일 12:00~18:00",우리 옛 여인들의 장신구를 보존하고 널리 알리는 곳
100,서소문역사공원,99,서울특별시 중구 칠패로 5,문의바람,서소문역사공원(西小門歷史公園)은 현재 공원으로 조성되어 있으나 원래는 ‘서소문 밖 네거리 처형지'로 구한말 서소문 전투의 군인 등 사회개혁 세력들 뿐만 아니라 1801년 신유박해부터 1866년 병인박해까지 많은 천주교인이 이곳에서 처형되었다
101,선화랑,100,서울특별시 종로구 인사동5길 8,월~토 10:00∼18:00,한국현대미술의 성장과 발전을 견인해온 명문화랑
102,뮤지엄 김치간,101,서울특별시 종로구 인사동길 35-4,화요일~일요일 10:00~18:00 (마지막 입장 17:30),"김치로 먹고, 놀고, 즐기자!"
103,백송갤러리,102,서울특별시 종로구 인사동길 31-8,"10:30~19:00",한국미술의 국제화를 위해 노력하는 갤러리
104,에무,103,서울특별시 종로구 경희궁1가길 7,"10:30 ~ 22:30",복합문화공간 에무는 서울특별시에서 지정한 전물예술단체로 그 이름은 르네상스 사상가 에라스무스의 약칭이다
105,다이나믹 메이즈 (서울 인사동점),104,서울특별시 종로구 인사동길 12,"10:00~18:00 (입장마감 17:00)",실내 스포츠 테마파크
106,박물관은 살아있다(인사동점),105,서울특별시 종로구 인사동길 12,"11:00~20:00
※ 마감 1시간 전까지 입장 가능",신개념 오감충족 놀이형 체험 전시관
107,컬러풀뮤지엄(COLORPOOL MUSEUM),106,서울특별시 종로구 인사동길 49 안녕인사동 6F,"10:00~20:00(19:00 입장마감)",컬러와 향기가 만나는 아트플레이스 !
108,안녕인사동,107,서울특별시 종로구 인사동길 49,"10:00~22:00","다양한 먹거리, 즐길거리, 볼거리가 가득한 복합문화공간"
109,한국미술관,108,경기도 용인시 기흥구 마북로 244-2,"동절기 10:00~17:00
하절기 10:00~18:00",현대미술의 발전과 대중을 위한 미술문화 보급에 힘쓰는 곳
110,전태일기념관,109,서울특별시 종로구 청계천로 105,"화요일~일요일 
하절기 (3월 ~ 10월) / 10:00 ~ 18:00 
동절기 (11월 ~ 2월) / 10:00 ~ 17:30 
종료 30분 전 입장 마감",노동운동가 전태일을 기념하다
111,서소문성지역사박물관,110,서울특별시 중구 칠패로 5,"09:30 - 17:30",순교한 천주교인들을 기리는 곳이자 건축 디자인으로도 유명한 곳
112,서울아트센터 공평갤러리,111,서울특별시 종로구 삼일대로30길 10-3,"[갤러리] 10:00~18:00
[아트샵] 11:00~21:00",다양한 형식과 장르의 예술을 만나다
113,탑골공원 팔각정,112,서울특별시 종로구 종로 99,문의바람,영국인 브라운이 조성한 현대식 공원
114,세종호텔 세종갤러리,113,서울특별시 중구 퇴계로 145,"11:00~20:00",폭넓고 깊이 있는 미술감상의 기회를 제공하는 세종갤러리
115,탑골공원,114,서울특별시 종로구 종로 99,문의바람,우리 민족의 독립 정신이 살아 숨 쉬는 탑골공원
116,LW컨벤션,115,서울특별시 중구 청파로 464,"평일 09:00 ~ 18:00 
주말 00:00 ~ 24:00",성공적인 비즈니스를 위한 맞춤형 공간
117,하나아트갤러리,116,서울특별시 종로구 인사동10길 2,"10:30 ~ 20:30",대중적이고 전문적인 문화전시공간
118,모던화랑,117,서울특별시 종로구 인사동10길 4,"10:00~19:00",차원 높은 문화생활을 즐겨보자
119,동덕아트갤러리,118,서울특별시 종로구 우정국로 68 동덕빌딩,"10:00~18:00",인사동에 자리한 문화 예술의 중심지
120,경희궁 숭정전,119,서울특별시 종로구 새문안로 45,"09:00 ~ 18:00",숭정전은 원래 경희궁(慶熙宮)의 정전(正殿)이었다
121,쌈지길,120,서울특별시 종로구 인사동길 44,"10:30~20:30",과거와 현재를 연결
122,성곡미술관,121,서울특별시 종로구 경희궁길 42,"10:00~18:00 (전시종료 30분 전까지 입장 가능)",사회봉사의 정신을 미술 문화로 구현하고자 설립된 곳
123,광화문,122,서울특별시 종로구 사직로 161,"11월 ~ 2월: 09:00~17:00(입장마감은 16:00)
3월 ~ 5월: 09:00~18:00(입장마감은 17:00)
6월 ~ 8월: 09:00~18:30(입장마감은 17:30)
9월 ~ 10월: 09:00~18:00(입장마감은 17:00)
※ 기관 사정에 따라 관람시간 단축 및 조정이 있을 수 있다.",경복궁의 정문이자 임금이 행차하는 문
124,초전섬유ㆍ퀼트박물관,123,서울특별시 중구 퇴계로18길 66,"10:00~17:00
※ 입장은 폐관 30분 전까지",우리 섬유의 우수성과 전통을 배워 보는 곳
125,노화랑,124,서울특별시 종로구 인사동길 54,"10:00~18:00","노화랑은 1977년, 서울 종로구 인사동에 '송원화랑'으로 개관했다"
126,고당기념관,125,서울특별시 중구 수표로 48-2,"09:30~17:30",역사가 담긴 공간
127,주한중국문화원,126,서울특별시 종로구 사직로8길 23-1,"09:00~17:30 (점심시간 12:00~13:30)","중국정부가 아시아 지역에서는 최초로 개원한 문화원인 주한중국문화원은 2004년 12월 28일 설립되었으며,한국 각계 인사를 대상으로 현대 중국의 발전상과 중국 문화를 정확히 소개하여 중국을 이해하려는 한국인들에게 정확한 정보 서비스를 제공한다"
128,동십자각,127,서울특별시 종로구 삼청로 1,문의바람,경복궁내 뛰어난 건축물중의 하나
129,종로문화원,128,서울특별시 종로구 율곡로 5,"09:00~18:00","종로문화원은 종로의 다양한 문화유산과 전통거리골목 등과 다양한 문화행사를 통해 시민들과 관광객들에게 제공하며, 지역주민의 삶의 질 향상과 문화복지의 지속적 확산을 꿈꾸며 여가선용의 기회를 부여하고 있다"
130,가람화랑,129,서울특별시 종로구 인사동10길 11,"10:00~17:00",형상미술을 위주로 하는 작가들의 작품을 볼 수 있는 곳
131,인사동,130,서울특별시 종로구 인사동길 62,"00:00~24:00",추억과 즐거운을 선사하는 문화복합몰
132,축구전시관,131,서울특별시 종로구 경희궁길 46,"09:00~18:00",대한민국 축구의 시작부터 현재
133,서울청소년수련관,132,서울특별시 중구 을지로11길 23,상시이용※체험시간은 홈페이지 참조,청소년들의 균형 있는 성장을 돕는 센터
134,갤러리 우림,133,서울특별시 종로구 인사동10길 18,"평일 10:00~18:00
주말 11:00~16:00",미래 지향적인 문화 휴식 공간
135,모인화랑,134,서울특별시 종로구 인사동10길 13,"10:00~18:30 (동절기 ~18:00)",현대미술 작품의 소통의 장
136,서울메트로미술관,135,서울특별시 종로구 사직로 지하 130,"07:00~22:00",경복궁역 안 예술이 깃든 공간
137,경인미술관,136,서울특별시 종로구 인사동10길 11-4,"* 미술관 : 10:00~18:00
(전시 철수 및 준비 - 화요일 / 오픈 - 수요일)
* 전통 다원 : 10:00~22:50
* 어검당 : 10:00~18:00(예약제)",경인 이금홍선생이 설립한 경인미술관
138,경운동민병옥가옥,137,서울특별시 종로구 인사동10길 23-9,문의바람,우리 전통 가옥의 변화를 살펴볼 수 있는 곳
139,시간을 담다,138,서울특별시 중구 삼일대로8길 20-1,"11:00 ~ 20:00",아름다운 추억을 한장의 캐리커쳐로 표현하는 곳
140,인영아트센터,139,서울특별시 종로구 인사동10길 23-4,"11:00 ~ 18:00",전통적인 인사동에서 느끼는 현대미술공간
141,국립고궁박물관,140,서울특별시 종로구 효자로 12,"10:00~18:00 
※ 관람 종료 1시간 전까지 입장가능",조선 왕실과 대한제국 황실의 문화와 역사의 이해를 돕는 좋은 동반자
142,한복남,141,서울특별시 종로구 사직로 133-5,"09:00 ~ 19:00
※ 시기에 따라 마감시간 변동됨으로 매장 문의",전통 한복이 가진 아름다움을 느껴보자 !
143,갤러리 M,142,서울특별시 종로구 삼일대로 445,"월~토 10:00~19:00
일요일 및 공휴일 11:00~18:30",미술 장르의 다양함을 마주하는 문화공간
144,연필로 명상하기,143,서울특별시 중구 퇴계로20길 50,문의바람,애니메이션 나도 만들어 볼래 !
145,낙원동 아구찜 거리,144,서울특별시 종로구 삼일대로 428,대부분 상점들이 24시간 영업,서울에서 맛보는 아구찜의 진수
146,남산 케이블카,145,서울특별시 중구 소파로 83,"10:00~23:00
매표마감 : 왕복티켓 22:30 / 편도티켓 22:45",남산의 풍광을 한눈에 조망할 수 있는 남산케이블카
147,천도교중앙대교당,146,서울특별시 종로구 삼일대로 457,상시,"항일운동의 거점, 천도교 중앙대교당"
148,갤러리 현대,147,서울특별시 종로구 삼청로 14,화~일 10:00~18:00,한국 미술계의 정보를 전달하고 활성화 시키는 곳
149,춘원당한의약박물관,148,서울특별시 종로구 돈화문로9길 27,"월~금요일 09:00~18:00
토요일 09:00~13:00",한의학의 근·현대 역사를 되짚어보다
150,건청궁,149,서울특별시 종로구 사직로 161,문의바람,명성황후가 일본인의 손에 의해 무참히 시해된 곳
151,다보성 갤러리,150,서울특별시 종로구 삼일대로 457,월~금 09:00~18:00 / 토 09:00~16:00,수준 높은 다수의 고미술품을 전시하고 보존하는 곳
152,갤러리 미즈,151,서울특별시 종로구 삼일대로 461,"10:30~18:30","1982년도에 개관한 갤러리 미즈는 기획전, 초대전을 비롯 한국미술의 발전을 위해 견인차 역할을 해오고 있다"
153,독립선언문 배부 터,152,서울특별시 종로구 삼일대로 457,"24시간","1919년 3·1운동 당시, 독립선언문을 검토하고 배부했던 곳"
154,금호미술관,153,서울특별시 종로구 삼청로 18,"10:00~18:00",현대미술의 흐름을 경험하는 기회
155,서울 약현성당,154,서울특별시 중구 청파로 447-1,"[주일미사(일요일)]
06:00, 09:30, 11:00, 18:00",순교자들의 넋을 기리고 그 정신을 본받기 위해 세운 성당
156,서울공예박물관,155,서울특별시 종로구 율곡로3길 4,"평일 10:00 ~ 18:00 (평일, 주말 동일)
※ 전시관람은 인터넷 사전예약후에 이용이 가능",전통부터 현대까지 다양한 시대와 분야를 아우르는 공예품을 만나볼 수 있는 곳
157,남산예술센터,156,서울특별시 중구 소파로 138,"10:00~18:00",한국현대연극의 역사적 뿌리
158,나화랑,157,서울특별시 종로구 삼일대로 461,"10:00~19:00","나화랑은 1987년을 시작으로, 그 동안 폭 넓고 깊이 있는 미술감상의 기회를 제공해 왔다"
159,이리자 한복전시관,158,서울특별시 종로구 삼청로 20,"10:00~20:00 (전화문의)",우리 옷의 아름다움을 지키는 곳
160,김익상 의거지,159,서울특별시 중구 소파로 126,문의바람,독립운동가 의거지
161,홍파동 홍난파 가옥,160,서울특별시 종로구 송월1길 38,"하절기(4~10월) 11:00~17:00
동절기(11~3월) 11:00~16:00","1930년대 서양 가옥의 특성을 잘 보존하고 있는 곳"
162,세종마을 음식문화거리,161,서울특별시 종로구 체부동,점포마다 다름,골라 먹는 재미가 있는 시장 맛집 골목
163,성재이시영선생동상,162,서울특별시 중구 회현동1가 100-115,문의바람,국가보훈처 지정 현충시설 10-1-10호
164,문화역 서울 284,163,서울특별시 중구 통일로 1,"10:00-19:00
※ 관람시간 30분 전 입장 마감
※ 매주 마지막주 수요일 (문화가 있는날) 21:00까지 연장운영",구서울역사를 복원하여 만든 문화역 서울 284
165,대림미술관,164,서울특별시 종로구 자하문로4길 21,"10:00~19:00
※ 매표는 마감 1시간 전까지 가능",대림미술관은 대림그룹이 설립한 미술관으로 1996년 대전에 대림미술관을 설립하였다가 2002년 서울 종로로 이전하였다
166,백범김구선생상(백범 광장),165,서울특별시 중구 회현동,문의바람,김구 선생의 애국정신을 기리기 곳
167,을지로 노가리골목,166,서울특별시 중구 을지로 129 을지로3가역 3호선,문의바람,생맥주와 노가리가 있는 서울 야시장의 성지
168,아프리카미술관,167,서울특별시 종로구 삼청로 24-1,"10:30~18:30 (전화문의)",아프리카의 문화
169,익선동,168,서울특별시 종로구 익선동,"00:00~24:00(점포마다 상이함)",골목과 한옥이 어우러져 아름다운 매력을 풍기는 곳
170,충무로 인쇄골목,169,서울특별시 중구 충무로 29 아시아미디어타워,문의바람,충무로 인쇄골목은 을지로3가역 인근 명보아트홀에서 마른내길을 따라 중구청에 이르는 1
171,그라운드시소 서촌,170,서울특별시 종로구 자하문로6길 18-8,"10:00~19:00 (입장마감: 오후 6시)",종로 서촌에서 전시제작사 미디어앤아트가 선보이는 복합문화공간
172,갤러리 시몬,171,서울특별시 종로구 자하문로6길 20,"10:30~18:30",현대 미술의 미
173,서울특별시교육청 과학전시관 (남산분관),172,서울특별시 중구 소파로 46,"10:00~17:00","기초 과학, 생활 과학, 과학 문화재 등 131 종류 총 약 630점의 전시물들이 분야 별로 설치되어 있는 곳으로 학생들이 직접 조작 및 관찰함으로써 탐구력을 신장하고 창의성을 계발하는데 도움을 주는 유용한 과학 체험학습장이다"
174,명보아트홀,173,서울특별시 중구 마른내로 47,공연에 따라 다름,"* 관객과 예술가 모두의 꿈이 이루어지는 행복한 공간 / 생활 속의 휴식처, 함께 하는 기쁨이 있는 열린 문화 공간 *

반세기의 전통과 명성의 (구)명보극장을 리모델링하여 2009년 명보아트홀로 재개관하였다"
175,기억의 터(일본군 위안부),174,서울특별시 중구 퇴계로26가길 6,"10:00-16:00",보고 듣고 느끼며 걷는 기억의 길
176,국립현대미술관 서울,175,서울특별시 종로구 삼청로 30,"10:00~18:00
야간개장 (수/토요일) 10:00 ~ 21:00
※ 발권시간 : 관람종료 1시간 전까지 가능",국립현대미술관 서울관은 동시대 현대미술을 중점적으로 다루는 미술관이다
177,서촌마을,176,서울특별시 종로구 필운대로 45,문의바람,특유의 정겨움과 소박함이 반겨주는 마을
178,사직공원(서울),177,서울특별시 종로구 사직로 89,"00:00~24:00","조선시대에 궁궐, 종묘를 지을 때 함께 지은 사직단이 있는 곳"
179,진화랑,178,서울특별시 종로구 효자로 25,"평일 : 10:00~18:00
토~일 : 10:00 ~ 17:00 (전화문의)",국내외 다양한 전시 기획을 주관하는 갤러리
180,서울 운현궁,179,서울특별시 종로구 삼일대로 464,"연중상시, 자세한문의는 전화 확인필요",대원군의 정치활동 근거지
181,경복궁,180,서울특별시 종로구 사직로 161,하절기 09:00~18:30동절기 09:00~17:00※ 자세한 사항은 홈페이지 참조,그 시절부터 우리가 사랑한 서울의 다섯 궁궐 ①
182,일본공보문화원,181,서울특별시 종로구 율곡로 64,"10:00 ~ 17:30 (점심시간 12:30~13:30)","일본 문화를 소개하는 ""일본공보문화원"""
183,서울특별시교육청 어린이도서관,182,서울특별시 종로구 사직로9길 7,"[책누리, 유아책누리, 전자누리, 전시실]
평일 09:00~18:00 / 주말 09:00~17:00",어린이들의 문화공유의 장
184,갤러리 아트사이드,183,서울특별시 종로구 자하문로6길 15 갤러리 아트싸이드,"10:00~18:00",작가들을 발굴하여 세계 미술시장에 소개하는 갤러리
185,아트스페이스3,184,서울특별시 종로구 효자로7길 23,"10:30~18:00",젊은 예술가들의 실험 창작 공간
186,레일크루즈 해랑열차,185,서울특별시 용산구 한강대로 405,문의바람,철도를 달리는 유람선 해랑열차
187,사직단,186,광주광역시 남구 사직길 49,"24시간","신에게 제를 올리던 곳, 사직단(社稷壇)"
188,표갤러리,187,서울특별시 종로구 자하문로5길 18-4,"09:00~18:00",우리다운 것이 가장 세계적인 것!
189,갤러리 아트링크,188,서울특별시 종로구 율곡로3길 66-17,평일 10:00~18:00,현대미술과 미술 대중사이를 좁혀주는 곳
190,떡박물관,189,서울특별시 종로구 돈화문로 71,월~토 10:00~18:00,전통 떡과 차 민속주 등을 전시하는 박물관
191,인왕산,190,서울특별시 종로구 인왕산로1길 29,문의바람,"인왕산(仁王山)에는 태조, 무학대사의 기도터와 사직터널에서 자하문까지 서울 외곽을 쌓았던 성곽이 남아 있다"
192,안중근의사기념관,191,서울특별시 중구 소월로 91,"하절기(3~10월) 10:00~18:00
동절기(11~2월) 10:00~17:00
※ 종료 1시간전 입장 마감",안중근은 개항 이후 나라가 일제의 침략으로 참담하게 국권을 피탈당하고 있을 때 불타는 애국심으로 침략의 원흉 이토 히로부미를 처단하여 조국이 나아가야 할 길을 밝힌 민족의 영웅이다
193,보안1942,192,서울특별시 종로구 효자로 33,"* Boanstay : 입실 15:00 / 퇴실 11:00
* Boan1942 : 화-일 12:00 ~ 18:00
* BOANBOOKS 
- 화~일 12:00 ~ 19:00
※ 월요일 휴무
* 33Market
- 평일 : 12:00 ~ 21:00 (20:00 마감)
- 토요일 : 12:00 ~ 21:00 (21:00 마감)
- 일요일 : 12:00 ~ 19:00 (18:00 마감)
※ 월요일 휴무",숙박시설이 있는 문화예술 공간 Boan1942
194,딜쿠샤,193,서울특별시 종로구 사직로2길 17,"화~일 10:00 ~ 17:30
사전 예약에 의한 해설관람 (일 4회, 매회 15~20명 이내)","1919년 3"
195,대각사,194,서울특별시 종로구 율곡로10길 87,일출시~일몰시,"대각사(大覺寺)는 서울시 종로구 창덕궁 후원 앞 방향에 위치하고 있는 재단법인 대각회(大覺會)의 사찰로서, 1911년 용성(城) 진종(震鍾) 대종사가 창건하였다"
196,손기정기념관,195,서울특별시 중구 손기정로 101,"10:00~18:00 (입장마감 17:00)","나의 조국, 나의 마라톤 - 위대한 마라톤 지도자 손기정"
197,서울로 7017,196,서울특별시 중구 한강대로 405,"24시간 개방",서울과 서울을 잇는 길
198,안중근의사 동상,197,서울특별시 용산구 후암동 30-80,문의바람,"안중근의사 동상은 독립운동에 투신하여 순국하신 안중근의사의 숭고한 뜻을 기리고 그 애국정신을 후세에 널리 전하기 위하여 2010년 10월 22일 재건립되었으며, 하얼빈역에서 이토 히로부미를 저격한 직후 태극기를 꺼내든 당당하고 떳떳한 모습으로 안중근의사기념관의 입구에 위치한다"
199,아띠인력거,198,서울특별시 종로구 북촌로5길 43,"10:00~18:00 (휴게시간 12:00~13:00)",인력거를 타고 떠나는 신나는 서울 투어 !
200,아트선재센터,199,서울특별시 종로구 율곡로3길 87,"12:00~19:00",현대인의 문화 놀이터
201,전통주갤러리,200,서울특별시 종로구 북촌로 18,"10:00~19:00",전통주의 가치를 느낄 수 있는 공간
202,서울특별시교육청 종로도서관,201,서울특별시 종로구 사직로9길 15-14,"[인문사회과학실/어문학실] 평일 09:00~20:00 / 주말 09:00~17:00
[자연과학정보실] 평일 09:00~18:00 / 주말 09:00~17:00
[인왕산(특화자료실)] 평일 09:00~18:00 
[자율학습실]
하절기(3~10월) 평일 07:00~22:00 / 주말 07:00~22:00
동절기(11~2월) 평일 08:00~22:00 / 주말 08:00~22:00",서울에서 가장 오랜 역사를 지닌 공공 도서관
203,고촌홀(제약박물관),202,서울 서대문구 충정로 8,"하절기(3~10월) 10:00~17:00
동절기(11~2월) 10:00~16:00",‘고촌’은 종근당 창업자 고 이종근 회장의 호에서 따왔다
204,홍건익가옥,203,서울특별시 종로구 필운대로1길 14-4,"10:00 ~ 18:00",서촌의 좁은 골목 사이에 있는 홍건익가옥은 지난 2017년 공공한옥으로 일반에 개방되었다
205,남산순환나들길,204,서울특별시 중구 남산공원길 609,"24시간",총 길이 7
206,경찰박물관,205,서울특별시 종로구 송월길 162,"09:30 ~17:30 (입장마감 17:00)",한국 경찰의 50년 역사를 살펴볼 수 있는 곳
207,갤러리조선,206,서울특별시 종로구 북촌로5길 64,"10:30~18:30",다양한 기획전과 개인 초대전을 열고 있는 갤러리
208,아라리오 갤러리(서울),207,서울특별시 종로구 북촌로5길 84,화~일 10:00~19:00,도전과 패기로 한국 미술계에 새로운 활력을 불어넣고 있는 아라리오 갤러리는 2002년 12월에 천안을 시작으로 2005년 12월에는 중국 베이징에 이어 2006년 4월 6일 서울 소격동에 새로운 갤러리를 오픈했다
209,종묘광장공원,208,서울특별시 종로구 종로 157,"24시간","종묘는 조선 왕조의 왕과 왕비, 그리고 사후에 추존된 왕과 왕비의 신주를 모신 사당이다"
210,아라리오뮤지엄 인 스페이스,209,서울특별시 종로구 율곡로 83,화요일~일요일 10:00~19:00,현대미술에 문화적 가치를 더하다
211,을지로예술공장,210,서울특별시 중구 을지로 157,"10:00~19:00",도심 속 특별한 전시공간
212,서울특별시교육청 정독도서관,211,서울특별시 종로구 북촌로5길 48,"[인문사회자연과학실, 어문학·족보실]
평일 09:00 ~ 20:00 주말 09:00 ~ 17:00
[어린이실, 청소년관, 다국어·연속간행물실, 디지털자료실, 서울교육박물관]
평일 09:00 ~ 18:00 주말 09:00 ~ 17:00 
[자율학습실, 노트북실]
3월~10월(하절기): 7:00 - 22:00
11월~2월(동절기): 8:00 - 22:00",도서관 입구까지 이어지는 벚꽃길이 인상적
213,서울교육박물관,212,서울특별시 종로구 북촌로5길 48,"평일 09:00~18:00
토/일요일 09:00~17:00","서울교육박물관은 우리나라 교육을 선도해 온 서울 교육의 위상을 정립하고 21세기 주역이 될 후손들에게 우리교육의 밝은 미래를 제시하기 위해 우리나라 교육의 발전모습을 한 눈에 살펴볼 수 있도록 교육제도, 교육과정, 교육내용, 교육기관, 교육활동 등에 관한 유물과 사진 등 각종 자료를 시대별로 전시하여 지난 1995년 6월 15일에 개관하여 운영하고 있는 교육전문박물관이다"
214,세운상가,213,서울특별시 종로구 청계천로 159,문의바람,"다시-세운 프로젝트, 세운상가

세운전자상가는 1968년 만들어진 국내 최초의 종합전자상가이자 40년 전통의 전자상가이다"
215,학고재,214,서울특별시 종로구 삼청로 50 학고재,"10:00~18:00",전통과 현재를 공존하는 예술공간
216,서울 관상감 관천대,215,서울특별시 종로구 원서동,문의바람,그 옛날 별을 관측하던 곳
217,서울우리소리박물관,216,서울특별시 종로구 율곡로 96,"* 화~금요일/일요일 09:00∼18:00
* 토요일 09:00∼19:00",전국의 소리를 누구나 편안하게 즐길 수 있는 휴식공간
218,북촌문화센터,217,서울특별시 종로구 계동길 37,"월~금 09:00~18:00 
토,일 10:00~17:00 
(강좌별로 진행시간 다름)",시민의 문화향유를 위한 곳
219,서울특별시교육청 남산도서관,218,서울특별시 용산구 소월로 109,"[일반열람실]
하절기(3~10월) 평일 07:00~22:00 / 주말 07:00~22:00
동절기(11~2월) 평일 08:00~22:00 / 주말 08:00~22:00
※ 자세한 이용시간은 홈페이지 참고",우리나라 최초의 공립도서관
220,북촌 8경,219,서울특별시 종로구 계동길 37,문의바람,북촌은 원래 청계천과 종로의 윗동네를 이르는 지명이다
221,북촌한옥마을,220,서울특별시 종로구 계동길 37,"* 허용시간 : 10:00 ~17:00(주중,토) / 일요일 : 골목길 쉬는 날
* 대상지역 : 북촌로 11길 일대 약 100m 구간",전통한옥과 수많은 가지 모양의 골목이 6백 년 역사도시의 풍경을 극적으로 보여주고 있는 북촌한옥마을
222,국제갤러리,221,서울특별시 종로구 삼청로 54,"월요일~토요일 10:00~18:00
일요일,공휴일 10:00~17:00",국제갤러리는 1982년 개관 이후 지금까지 대표적인 국내 화랑으로서 세계적으로 유명한 현대미술 작가의 작품과 그 흐름을 접하고 감상할 수 있는 흔치 않은 기회를 제공한다
223,백악정,222,서울특별시 종로구 청와대로 1 청와대,"09:00~18:00
※ 대통문 폐쇄 5~8월 18:00 / 3, 4월 및 9, 10월 17:00 / 11~2월 16:00",대통령도 즐겨 찾던 산책 명소
224,한국의집,223,서울특별시 중구 퇴계로36길 10,"공연 20:00~21:00
※ 프로그램별 상이하므로 홈페이지 참조",한국의집은 조선시대 집현전 학자인 박팽년의 사저가 있던 곳으로 국가무형문화재 대목장 신응수가 경복궁의 자경전을 본떠 지난 1980년 건축하여 다음해 1981년에 개장하였다
225,서울특별시교육청 용산도서관,224,서울특별시 용산구 두텁바위로 160,"[문헌정보실]
평일 09:00~20:00 / 주말 09:00~17:00
[디지털·간행물실/어린이실]
평일 09:00~18:00 / 주말 09:00~17:00
[자율학습실]
하절기(3~10월) 07:00~22:00 / 동절기(11월~2월) 토~일 08:00~22:00",찾는 기쁨과 읽는 행복이 함께하는 도서관
226,현대원서공원,225,서울특별시 종로구 창덕궁길 19,문의바람,창덕궁길 앞 걷기 좋은 공원길
227,바라캇 서울,226,서울특별시 종로구 삼청로 58-4,"화-일요일, 10:00-18:00",세계적인 유물 컬렉션을 보유한 바라캇 갤러리 서울 본관
228,유즈패밀리,227,서울특별시 종로구 율곡로10길 19,체험 프로그램에 따라 다름,한국의 가정 생활과 문화를 옅보다
229,호전다실,228,서울특별시 종로구 자하문로11길 16-2,"10:00~21:00",서울 경복궁 옆 서촌에 전통차(클래식차) 등을 시음할 수 있는 공간
230,남산골한옥마을,229,서울특별시 중구 퇴계로34길 28,"전통가옥 관람 안내 (가옥운영 사무실 02-6358-5533) 
하절기(4월~10월) 09:00~21:00
동절기(11월~3월) 09:00~20:00
※ 매주 월요일 정기휴관
전통정원 관람시간 (관리사무소 02-2264-4412)
24시간 개방",한옥이 보존되어 있는 마을
231,관훈동 민씨 가옥 (구 부마도위박영효가옥),230,서울특별시 중구 퇴계로34길 28,문의바람,남산골 한옥마을 내의 전통가옥
232,서울천년타임캡슐광장,231,서울특별시 중구 퇴계로34길 28,"4~10월 09:00~21:0011~3월 09:00~20:00",과거의 시간을 미래에게 보내는 광장
233,서울남산국악당,232,서울특별시 중구 퇴계로34길 28,공연에 따라 다름,전통 공연 관람과 여유로운 휴식이 함께 하는 특별한 공간
234,세계장신구박물관,233,서울특별시 종로구 북촌로5나길 2,"10:00~17:00",문화의 거리 삼청동 길
235,백인제가옥,234,서울특별시 종로구 북촌로7길 16,"09:00~18:00 (입장마감 17:30)
※ 자유관람시 관람시간내에 시설 외부 관람 가능
(안채, 사랑채 등 시설 내부 입장 불가)",전통적인 한옥의 모습과 근대적 변화를 수용한 고택
236,을지예술센터,235,서울특별시 중구 창경궁로5다길 18,"13:00 - 20:00 (운영시간 내 자유롭게 입장 가능)",을지로의 힙한 예술 감성을 느낄 수 있는 곳
237,북촌박물관,236,서울특별시 종로구 북촌로 39,월~토 10:00 - 18:00,전통문화의 가치와 현대미술의 아름다움을 보여주는 곳
238,서울돈화문국악당,237,서울특별시 종로구 율곡로 102,공연에 따라 다름,관객들이 연주자와 함께 호흡하며 우리 전통의 멋을 쉽게 경험할 수 있는 곳
239,삼청동오위장김춘영가옥,238,서울특별시 중구 퇴계로34길 28,문의바람,중류층 거주 공간의 모습을 보여주는 가옥
240,순정효황후윤씨친가,239,서울특별시 중구 퇴계로34길 28,문의바람,조선말 윤비의 저택이었다고 전하는 이 가옥의 평면은 전체 'ㄷ'자형이고 대문은 동향으로 내었다
241,손기정문화도서관,240,서울특별시 중구 손기정로 101-3 손기정공원,"09:00 - 22:00",카페같이 예쁜 공간에서 즐기는 독서의 시간
242,종묘 [유네스코 세계문화유산],241,서울특별시 종로구 종로 157,"[일반관람] 언어권별 시간제관람
[자유관람 - 매주 토요일, 매월 마지막 주 수요일]
2~5월, 9~10월 09:00~18:00
6~8월 09:00~18:30
11~1월 09:00~17:30
※ 매표는 마감 1시간 전까지",왕과 왕후의 신주를 모신 사당
243,국립민속박물관&국립민속박물관 어린이박물관,242,서울특별시 종로구 삼청로 37,"평일 09:00 - 18:00 6월~8월 (17시까지 입장, 어린이 박물관은 17시 30까지 입장)
매일 09:00 - 18:00 3월~5월, 9월~10월 (17시까지 입장, 어린이 박물관은 17시 30까지 입장)
매일 09:00 - 17:00 11월~2월 (16시까지 입장, 어린이 박물관은 16시 30까지 입장)
주말 09:00 - 19:00 6월~8월 (18시까지 입장, 어린이 박물관은 18시 30까지 입장)",국내 유일의 민속생활사 관련 국립·종합박물관
244,해풍부원군윤택영댁재실,243,서울특별시 중구 퇴계로34길 28,문의바람,특색 있는 구조의 고택
245,남산공원(서울),244,서울특별시 중구 삼일대로 231,상시개방,"한양도성의 안산, 서울의 중심 남산도시자연공원"
246,LG상남도서관,245,서울특별시 종로구 창덕궁1길 18 LG상남도서관,문의바람,과학기술 전문 도서관
247,황학정,246,서울특별시 종로구 사직로9길 15-32,문의바람,대한제국 때의 누정
248,창덕궁 향나무,247,서울특별시 종로구 율곡로 99,문의바람,"창덕궁의 향나무는 나이가 약 700살 정도로 추정되며, 높이 12m, 뿌리부분 둘레 5"
249,남산국치길,248,서울특별시 중구,상시,국권 상실의 현장을 기억하고 상처를 치유하자
250,목멱산봉수대터,249,서울특별시 중구 남산공원길 125-72,문의바람,봉수대는 횃불과 연기를 이용하여 급한 소식을 전하던 옛날의 통신수단을 말한다
251,반공 청년운동 순국 열사 기념비,250,서울특별시 중구 남산공원길 125-72,문의바람,반공청년운동 기념비 건립위원회는 1968년 10월 9일 중구 예장동 산5-6에 반공청년운동을 전개하다 순국한 애국열사들의 넋을 기리고 그들의 호국정신을 길이 계승하고자 이 기념비를 건립하였다
252,가회민화박물관,251,서울특별시 종로구 북촌로 52,"3월~11월 10:00~18:00
12월~2월 10:00~17:00
※ 관람 시 종료 40분 전까지 입장
※ 체험 시 종료 1시간 전까지 입장",우리의 전통문화와 예술을 보존하고 발전시키는 박물관
253,한국전통주연구소,252,서울특별시 종로구 자하문로 62,"09:00~22:00",전통주의 아름다운 향기를 경험할 수 있는 곳
254,주한독일문화원,253,서울특별시 용산구 소월로 132 독일문화원,"일반 방문시간 : 월-금 09:00 ~ 18:00
도서관 개관시간: 월-금 08:30 ~ 19:00 
토: 08:30 ~ 16:00 일 12:00~18:00 
어학부  사무실 (강좌등록):  
월-금 09:00 ~ 18:30 점심시간: 13:00 ~ 14:00",독일의 문화와 언어를 배워보자 !
255,창덕궁 인정문,254,서울특별시 종로구 율곡로 99,"2월~5월 : 09:00~18:00
6월~8월 : 09:00~18:30
9월~10월 : 09:00~18:00
11월~1월 : 09:00~17:30
※ 입장마감은 1시간 전",인정문은 인정전의 정문으로 태종5년(1405) 창건한 것이나 임진왜란때 소실되어 광해군 원년(1608) 재건하였다
256,동림매듭공방,255,서울특별시 종로구 북촌로12길 10,"10:00~18:00","동림매듭박물관은 서울시에서 지원, 사단법인 한국공예예술가협회 주관으로 2004년 4월 문을 열었다"
257,가회동성당,256,서울특별시 종로구 북촌로 57,"주일 미사 - 06:00 (새벽미사) 11:00 (교중미사)  18:00 (학생미사) 
토요일 - 18:00 (저녁 주일미사) 
평일 미사 - 월요일 06:00 화요일 19:00 수요일 10:00 목요일 19:00 금요일 10:00   
[월요일은 휴무로 미사 후 성당 문을 닫음]",한국 교회사에서 매우 중요한 의미가 있는 곳
258,청와대사랑채,257,서울특별시 종로구 효자로13길 45,"09:00-18:00 (17:30 입장마감)",청와대 및 역대 대통령 발자취를 볼 수 있는 홍보관
259,락고재 컬쳐 라운지 애가헌,258,서울특별시 종로구 가회동,수~일요일 10:00~18:00 (100% 예약제),프라이빗 전통문화 체험공간
260,갤러리에이엠,259,서울특별시 종로구 팔판길 23,"09:00~18:00 (브레이크타임 12:00~13:00)",젊은 작가를 발굴하고 소통하는 갤러리
261,유심사,260,서울특별시 종로구 계동길 92-3,문의바람,불교계의 3·1 운동 참여를 주도했던 곳
262,남산 팔각정,261,서울 중구 예장동 8-1,문의바람,남산 만남의 광장
263,후암별채,262,서울특별시 용산구 후암로35길 39,"13:00 - 00:00 중 6시간 선택",오롯이 혼자만의 시간을 만끽할 수 있는 공간
264,한벽원미술관,263,서울특별시 종로구 삼청로 83,"10:00~18:00",한국전통미술을 육성하기 위하여 세운 미술관
265,율곡로,264,서울특별시 종로구 율곡로,문의바람,율곡로는 고궁 돌담과 가로수가 어우러진 도로로서 원래는 창경궁과 종묘가 붙어 있었으나 일제가 1931년 민족 말살정책의 일환으로 창경궁과 종묘를 나누어 그 가운데로 길을 낸 아픈 역사를 간직한 도로로 고풍스런 돌담과 도로를 따라 늘여선 가로수가 어우러져 고즈넉한 분위기를 자아내는 운치있는 길이다
266,상촌재,265,서울특별시 종로구 자하문로17길 12-11 상촌재,화~일요일 09:00~18:00,전통이 살아 숨 쉬는 한옥문화 공간
267,창경궁 명정전,266,서울특별시 종로구 창경궁로 185,"09:00 ~ 21:00 (20:00 까지 입장)",국가의 큰 행사를 치르거나 외국 사신을 맞이하던 장소
268,창경궁 홍화문,267,서울특별시 종로구 창경궁로 185,"* 입장시간 : 09:00~20:00
* 관람시간 : 09:00~21:00
※ 야간 상시관람 : 오후 9시까지",국왕이 직접 백성들을 만났던 곳
269,창경궁,268,서울특별시 종로구 창경궁로 185,"* 입장시간 : 09:00~20:00
* 관람시간 : 09:00~21:00
※ 야간 상시관람 : 오후 9시까지",그 시절부터 우리가 사랑한 서울의 다섯 궁궐 ④
270,자생식물학습장,269,서울특별시 종로구 창경궁로 185,"2월 09:00~18:00
3월~5월, 9월~10월 09:00~18:00
11월~1월 09:00~17:30
6월~8월 09:00~18:30
※ 매표 마감 1시간 전까지 가능  
※ 전화문의",우리나라의 자생 식물들을 만나볼 수 있는 곳
271,국악사랑,270,서울특별시 종로구 북촌로11길 35-16,예약에 따라 유동적,‘한옥 풍류를 다시 쓰다’
272,갤러리도올,271,서울특별시 종로구 삼청로 87,"11:00 ~ 18:00 (점심시간 12:00~13:30)",미술계가 나아갸 할 방향을 제시하는 갤러리
273,독립관,272,서울특별시 서대문구 통일로 251,상시 개방,중국 사신을 영접하던 독립관
274,김현주 갤러리,273,서울특별시 종로구 삼청로7길 19-9,"10:00 ~ 18:00
주말, 공휴일 11:00 ~ 17:00",문화예술의 꽃을 피우는 갤러리
275,남산서울타워 한복문화체험관,274,서울특별시 용산구 남산공원길 105,"10:00 ~ 19:00",조선시대 사람들의 삶을 체험하는 곳
276,남산서울타워,275,서울특별시 용산구 남산공원길 105,평일 : 12:00 ~ 22:00주말 : 11:00 ~ 22:00,대를 이어온 데이트의 추억
277,북촌전통공예체험관,276,서울특별시 종로구 북촌로12길 24-5,"- 3~10월 10:00~18:00
- 11~2월 10:00~17:00",요일별로 즐기는 전통 공예 체험
278,낙선재,277,서울특별시 종로구 율곡로 99,문의바람,아름다운 고궁
279,박노수미술관,278,서울특별시 종로구 옥인1길 34,"10:00 ~ 18:00","2013년 타계한 고 박노수 화백이 40여 년간 거주하던 가옥에 만들어진 박노수미술관은 서울시 1종 등록미술관으로 지정된 종로 구립 미술관이다"
280,청와대 앞길,279,서울특별시 종로구 궁정동,문의바람,울창한 나무와 꽃길을 따라 산책하기 좋은 곳
281,북촌한옥역사관,280,서울특별시 종로구 계동4길 3,"10:00~18:00 (13:00~14:00 점심시간)","북촌한옥역사관은 종로구 계동 4길 3에 있으며, 한옥을 개조한 공간에서 북촌 역사를 살펴 볼 수 있다"
282,아트파크,281,서울특별시 종로구 삼청로7길 25,"10:30~18:00","큐레이터와 기획자, 작가 그리고 건축가와 콜렉터를 위한 공간"
283,인사미술공간,282,서울특별시 종로구 창덕궁길 89,"11:00~19:00",작가나 독립큐레이터들의 기획전시를 수용하는 전시지원공간
284,안국선원,283,서울특별시 종로구 북촌로 70,상시 개방,대한불교 조계종 사찰
285,광장시장 한복문화 체험관,284,서울특별시 종로구 창경궁로 88,"09:00~18:00",아름다운 한복과 함께 추억을 만들다
286,공근혜갤러리,285,서울특별시 종로구 삼청로7길 38,화요일 - 토요일 10:30 ~ 17:30 ,국내 작가의 해외 활동을 돕다
287,청와대,286,서울특별시 종로구 청와대로 1 청와대,(3월~11월) 09:00~18:00 (입장 마감 17:30)(12월~2월) 09:00~17:30 (입장 마감 17:00),한국 정치의 중심인 청와대
288,PKM갤러리,287,서울특별시 종로구 삼청로7길 40,"10:00 - 18:00, 마지막 출입 17:30","순 전시 면적 397㎡ 의 대규모 화랑으로, PKM 본관은 총 지상 2층, 지하 2층 규모로 최대 5"
289,윤동주 하숙집 터,288,서울특별시 종로구 옥인길 57,문의바람,시인의 발자취를 좇는 여행
290,후암거실,289,서울특별시 용산구 두텁바위로1가길 47,"하루 3타임 운영, 아침 09~13시(4시간) 
점심 14~18시(4시간) / 저녁 19시~24시(5시간)","우리만의 작은 영화관, 후암거실"
291,창덕궁과 후원 [유네스코 세계문화유산],290,서울특별시 종로구 율곡로 99,"[궁궐전각] 
- 2~5월/9~10월 : 09:00~18:00 (입장마감 17:00)
- 6~8월 : 09:00~18:30 (입장마감 17:30)
- 11~1월 : 09:00 ~ 17:30 (입장마감 16:30)
[후원관람]
- 2월 : 10:00~17:00 (입장마감 15:00)
- 3~5월 : 10:00~17:30 (입장마감 16:00)
- 6~8월 : 10:00~17:10 (입장마감 16:00)
- 9~10월 : 10:00~17:30 (입장마감 16:00)
- 11월 : 10:00~17:00 (입장마감 15:30)
- 12~1월 : 10:00~16:30 (입장마감 15:00)
※후원관람은 제한관람지역으로 해설사와 동행 시에 관람 가능",그 시절부터 우리가 사랑한 서울의 다섯 궁궐 ⑤
292,무궁화동산,291,서울특별시 종로구 궁정동 55-5,문의바람,옛 중앙정보부의 궁정동 안전가옥 터에 마련된 시민휴식공원이다
293,북촌생활사박물관,292,서울특별시 종로구 북촌로5나길 90,"하절기(3~10월) 10:00~18:00
동절기(11~2월) 11:00~18:00
※ 30분 전까지 입장 가능",지역의 전통과 문화를 계승 발전시키는 박물관
294,삼해소주가,293,서울특별시 종로구 창덕궁길 142,문의바람,조선 시대 술의 대명사 삼해주
295,올리바인 스파,294,서울특별시 종로구 통일로16길 4-1,"* 평일 : 오전 10시 ~ 오후 6시
* 주말 : 오전 10시 ~ 오후 5시",도심 속 럭셔리 휴식공간
296,삼청동길,295,서울특별시 종로구 삼청로 107,문의바람,과거와 현재가 공존하는 아름다운 거리
297,인왕사(서울),296,서울특별시 종로구 통일로18가길 16-1,문의바람,도심 속에 자리잡은 전통사찰
298,순국선열추념탑,297,서울특별시 서대문구 독립문공원길 80,상시 개방,일제에 항거하다 순국하신 선열들의 얼을 되새기며 추모하기 위한 곳
299,두산아트센터,298,서울특별시 종로구 종로33길 15,공연에 따라 다름,누구에게나 열려있는 예술 공간
300,두산갤러리,299,서울특별시 종로구 종로33길 15,화~금요일 11:00~19:00,쉽고 재미있는 예술 감상
301,스페이스 111,300,서울특별시 종로구 종로33길 15,공연에 따라 다름,다양한 장르를 공연하는 자유로운 아트 인큐베이팅 공간
302,묵정어린이공원,301,서울특별시 중구 동호로31길 21,"00:00 - 24:00",경기도 광주시 오포읍에 위치한 브런치 카페
303,중앙고등학교,302,서울특별시 종로구 창덕궁길 164,문의바람,서울에서 떠나는 역사여행
304,서울대학교 치의학박물관,303,서울특별시 종로구 대학로 101,"09:00~18:00",우리나라 근대치의학의 역사를 배워보자 !
305,인왕산국사당,304,서울특별시 종로구 통일로18가길 20,"00:00 - 24:00",서울을 수호하는 무속신앙속 신당
306,한국교회 100주년 기념관,305,서울특별시 종로구 대학로3길 29,"09:00 ~ 22:00",종로구 연지동에 세워진 한국교회 100주년 기념관
307,동국대학교 박물관,306,서울특별시 중구 필동로1길 30,월~금요일 10:00~16:00,"불교문화와 미술을 배워보는 ""불교종합박물관"""
308,서대문형무소역사관,307,서울특별시 서대문구 통일로 251,"하절기(3~10월) 09:30~18:00
동절기(11~2월) 09:30~17:00
※ 입장 시간은 30분 전까지 가능",역사를 잊은 민족에게 미래는 없다는 묵직한 울림
309,"3.1독립선언기념탑",308,서울특별시 서대문구 통일로 251,상시 개방,역사가 깃든 공간
310,송재서재필선생상,309,서울특별시 서대문구 통일로 251,상시 개방,애국계몽운동에 힘쓴 서재필 선생을 기리는 상
311,독립문,310,서울특별시 서대문구 통일로 251,상시개방,"1898년 1월 자주독립의 상징물 건립을 위하여 독립협회의 주관으로 이루어졌으며,기금은 협회가 모금한 돈으로 충당되었다"
312,선바위(선암),311,서울특별시 종로구 통일로18가길 26,상시 개방,서울시 종로구에 위치한 선바위(선암)는 1973년 1월 17일 서울특별시 민속문화재로 지정된 문화재이다
313,종로 청계 관광특구,312,서울특별시 종로구 율곡로 99,문의바람,다채로운 모습을 갖추고 있는 서울의 심장
314,이목화랑,313,서울특별시 종로구 북촌로 94,"화~금 11:00~18:00
토~일 11:00~17:00",오랜 전통을 가진 미술관
315,수성동계곡,314,서울특별시 종로구 옥인동 185-3,"00:00 ~ 24:00",역사가 깃든 공간
316,서대문독립공원,315,서울특별시 서대문구 통일로 251,연중 개방,독립애국지사들의 넋을 기리다
317,훈련원공원,316,서울특별시 중구 을지로 227,문의바람,훈련원의 역사가 숨쉬는 공원
318,기기국 번사창,317,서울특별시 종로구 삼청동,문의바람,최초의 신식 무기 공장
319,삼청기차박물관,318,서울특별시 종로구 북촌로 147,"금요일 11:30 - 17:00 
토요일 11:30 - 17:00 
일요일 11:30 - 17:00",다양한 모형기차들이 전시되어 있는 모형기차박물관
320,아현동 전골목,319,서울특별시 마포구 굴레방로9길 17,문의바람,고소한 기름냄새가 가득한 전골목
321,갤러리3안,320,서울특별시 종로구 북촌로 137-7,화~토요일 10:30~18:30,"사람과의 소통, 새로운 문화생활"
322,부엉이박물관,321,서울특별시 종로구 북촌로 143,"10:00 ~ 18:00 (10~3월)
10:00 ~ 19:00 (4~9월)","부엉이를 주 주제로 한 미술품, 공예품로 꾸며놓은 엔틱 박물관"
323,국립대한민국임시정부기념관,322,서울특별시 서대문구 통일로 279-24,"10:00 ~ 18:00 (관람종료1시간 전에 입장 마감)",대한민국임시정부의 활동과 역사를 민주주의의 출발점으로 기억하고 후대에 전술하고자 하는 기념관
324,서울대학교병원 의학박물관,323,서울특별시 종로구 대학로 101,"월~금요일 09:00~18:00
토요일 10:00~15:00",한국의 근대의학 발달사를 볼 수 있는 곳
325,유관순동상,324,서울특별시 중구 장충단로 101,문의바람,유관순 열사의 애국정신이 담긴 동상
326,서울 대한의원,325,서울특별시 종로구 대학로 101,문의바람,대한제국시대의 대한의원 건물
327,서울학도병참전기념비,326,서울특별시 용산구 두텁바위로 60,문의바람,"1950년 9월 28일 국군이 서울을 탈환하고 북진할 때, 국군은 포병으로 참전을 자원한 학도의용병들을 용산고등학교에 집결하도록 하였다"
328,국립어린이과학관,327,서울특별시 종로구 창경궁로 215,"09:30~17:30 (입장마감 16:30)
입장시간 : 9:30 / 10:30 / 11:30 / 12:30 / 13:30 / 14:30 / 15:30",국내 최초 어린이 전용 국립 과학관
329,청계천,328,서울특별시 종로구 창신동,문의바람,서울의 한복판 종로구와 중구와의 경계에 흐르는 하천
330,극단 대학로극장,329,서울특별시 종로구 대학로 60,공연에 따라 다름,극단 대학로 극장은 연극배우 정재진씨가 1989년에 창단한 순수 연극 단체이다
331,창덕궁 다래나무,330,서울특별시 종로구 율곡로 99,문의바람,우리나라의 다래나무 중 가장 크고 오래된 나무
332,일성이준열사동상,331,서울특별시 중구 동호로 257-8,문의바람,헤이그 밀사로 특파되어 일제 침략의 부당함을 알린 이준 열사를 기리기 위하여 장충단 공원 내에 건립되었다
333,국립극장,332,서울특별시 중구 장충단로 59,공연에 따라 다름,국립극장은 1950년 4월 29일 아시아 최초의 국립극장으로 설립됐다
334,삼청공원,333,서울특별시 종로구 북촌로 134-3,문의바람,북악산 동남쪽의 깊은 골짜기에 자리잡고 있다
335,서울 경모궁지,334,서울특별시 종로구 대학로 103,문의바람,조선시대의 정원으로 지금의 서울대학교 의과대학 부속병원이 위치한 곳
336,창덕궁 소극장,335,서울특별시 종로구 창경궁로 227 성우빌딩,공연에 따라 다름,창덕궁 소극장은 한국음악의 활성화를 위해 지정된 문화특구인 종로구 국악로에 위치하고 있다
337,서울 동대문 닭한마리 골목,336,서울특별시 종로구 종로40가길 14,문의바람,DIY 소스와 함께 더욱 맛있는 닭한마리 골목
338,식민지역사박물관,337,서울특별시 용산구 청파로47다길 27,화~금: 일 5회(10시반/12시/13시반/15시/16시반),일제의 침략 역사를 마주하는 곳
339,한국유림독립운동파리장서비,338,서울특별시 중구 동호로 261,문의바람,"1919년 3"
340,장충단공원,339,서울특별시 중구 동호로 261,문의바람,항일운동과 관련된 애국충정이 깃든 민족공원
341,별책부록,340,서울특별시 용산구 신흥로16길 7,"13:30~19:30",다양한 매력을 체험하는 해방촌 독립서점
342,장충동 족발 골목,341,서울특별시 중구 장충단로 176,문의바람,장충동 족발의 역사가 시작된 곳
343,전태일동상,342,서울특별시 종로구 청계천로 261,"00:00  ~  24:00","1970년 11월 13일 서울 평화시장 앞에서 열악한 노동조건에 항거하고 근로기준법 준수를 요구하며 근로기준법 화형식을 치르고 시위를 벌이던 중 ""근로기준법을 준수하라"
344,"3.1독립운동기념탑",343,서울특별시 중구 장충단로 91,문의바람,"3"
345,숙명여자대학교 박물관,344,서울특별시 용산구 청파로47길 100,월~토 10:00~17:00,숙명 르네상스플라자의 중심
346,숙명여자대학교 정영양자수박물관(서울),345,서울특별시 용산구 청파로47길 100,"10:00~17:00",다양한 자수 및 직물과 동아시아의 장식예술을 볼 수 있는 곳
347,구공업전습소본관,346,서울특별시 종로구 이화장길 81,문의바람,한국에서 가장 오래된 목조 건물
348,종이나라박물관,347,서울특별시 중구 장충단로 166,"09:30~18:00 (입장마감 17:30)",한국적 미감의 아름다움
349,아르코미술관,348,서울특별시 종로구 동숭길 3 아르코 미술관,"11:00~19:00
18시 30분까지 입장 가능",한국 문화와 예술 생산의 심장부
350,더벨스파 동대문현대시티아울렛점,349,서울특별시 중구 장충단로13길 20,"11:00~21:30",완벽한 휴식을 위한 다양한 관리 프로그램
351,대학로,350,서울특별시 종로구 대학로 104,"00:00~24:00",젊은이들의 발길이 끊이지 않는 길
352,서울 문묘와 성균관,351,서울 종로구 성균관로 31,문의바람,옛 성현들의 제사를 드리는 사당이자 국립 최고 교육기관
353,구 서울대학교 본관,352,서울특별시 종로구 동숭길 3,문의바람,사적 제278호
354,해방촌마을,353,서울특별시 용산구 신흥로3가길 66,"00:00 ~ 24:00",전쟁을 피해온 사람들이 남산 밑의 언덕에 정착하여 만들어진 마을
355,마로니에공원,354,서울특별시 종로구 대학로 104,"24시",젊음과 예술의 공원
356,성균관대학교 박물관,355,서울특별시 종로구 성균관로 25-2,"월~금 : 10:00 ~ 16:00
※ (단, 폐관시간 30분전까지 입실하여 주십시오.)",조선시대 유교문화를 볼 수 있는 박물관
357,청와대 전망대,356,서울특별시 종로구 필운동,[탐방권장시간]3월~10월 07:00~18:0011월~2월 09:00~17:00,서울의 도심 경관과 북악산의 아름다운 풍경을 한눈에
358,장충체육관,357,서울특별시 중구 동호로 241,문의바람,"한국을 살아가는 사람들의 기억 한 켠에 늘, 장충체육관"
359,서울 효창공원,358,서울특별시 용산구 효창원로 177-18,문의바람,"효창동과 청파 2동에 자리한 총면적 122,245m²(36,979평)의 효창공원은 유서 깊은 장소로 예전에는 효창원 경내였다"
360,감로암(서울),359,서울특별시 종로구 율곡로23길 16,문의바람,동대문에서 대학로로 들어가는 율곡로 대로변에 자그마한 사찰이 있다
361,박여숙화랑,360,서울특별시 용산구 소월로38길 30-34,"10:00~19:00","1983년 개관한 박여숙 화랑은 1988년 미술의 불모지라 할 수 있는 청담동으로 이전하면서 청담동이 강남의 대표적인 화랑가로 변모하는 데 주도적인 역할을 하고 있다"
362,예술가의집,361,서울특별시 종로구 동숭길 3,월요일 ~ 토요일 10:00 ~ 18:00,"예술가의 창작을 지원하고 예술가와 예술가, 예술가와 시민과의 소통을 지원하는 매개형 열린공간으로 다양한 문화예술 공연과 전시가 열리고 있다"
363,예지원,362,서울특별시 중구 장충단로 72,"09:00~18:00
프로그램에 따라 시간변동","예지원은 1974년 9월 16일 개원한 곳으로 우리나라 고유한 전통문화를 전승, 발전시켜 생활화함으로써 국가관의 확립과 민족적 주체의식을 함양하며, 전통문화를 해외에 소개함으로써 국가간의 이해증진과 친선을 도모하고 있다"
364,아르코예술극장,363,서울특별시 종로구 대학로8길 7,문의바람,공연예술 전문 극장
365,B the B,364,서울특별시 중구 을지로 281,"11:00 ~ 19:00","서울만의 뷰티를 세계에 선보이는, 서울 뷰티 패션의 핵심거점"
366,한양도성박물관,365,서울특별시 종로구 율곡로 283,"박물관 관람 09:00-18:00
한양도성 자료실 10:00-17:00",한양도성의 역사와 가치를 담은 곳
367,광희문,366,서울특별시 중구 퇴계로 344,"24시간",광희문은 태조 5년(1396) 도성 창건 때 동남쪽에 세운 소문이다
368,봉원사(서울),367,서울특별시 서대문구 봉원사길 120,문의바람,"신라 제 51대 진성여왕 3년(889년) 도선국사가 현 연세대 터에 창건하고, 반야사라 하였다"
369,짚풀생활사박물관,368,서울특별시 종로구 성균관로4길 45,"10:00~17:00 (입장마감 16:00)",짚과 풀로 만든 모든 전통 자료를 볼 수 있는 박물관
370,이화여자대학교박물관,369,서울특별시 서대문구 이화여대길 52,[월요일~금요일]09:30~17:00[매월 마지막 수요일 (문화가 있는 날)]09:30~19:00,한국의 문화유적을 만나는 공간
371,의열사(용산),370,서울특별시 용산구 효창원로 177-18,상시 개방,애국선열들의 영정을 모신 사당
372,이화여대 자연사박물관,371,서울특별시 서대문구 이화여대길 52,"월~금 10:00~16:00 (1,2,7,8월 방학기간 중 토요일 휴관)",자연에 대한 학교교육과 사회교육에 이바지할 목적으로 1969년 11월 20일에 국내 최초로 설립되었다
373,이화웰컴센터,372,서울특별시 서대문구 이화여대길 52,"09:30~17:00","이화웰컴센터는 2013년 국내 대학 최초로 문을 연 대학 글로벌 홍보관이자 종합 방문자 센터로 안내데스크와 전시라운지, 기념품샵으로 구성되어 있다"
374,대학로예술극장,373,서울특별시 종로구 대학로10길 17,"09:00~22:00",젊은 예술가의 열정이 살아 숨쉬는 공간
375,목인박물관 목석원,374,서울특별시 종로구 창의문로5길 46-1,매일 10:30 - 19:00 (입장마감 18:00)동절기 10:30 - 18:00 (입장마감 17:00),세계 각국의 목인(木人)을 만나볼 수 있는 곳
376,마로니에극장,375,서울특별시 종로구 동숭길 50,공연에 따라 다름,예술인들의 열정이 담겨있는 극장
377,동대문디자인플라자(DDP),376,서울특별시 중구 을지로 281,"10:00~20:00
※ 프로그램에 따라 일부공간 탄력운영",가장 매력적인 서울 야경을 볼 수 있는 복합 문화공간
378,서울 한양도성(스탬프투어),377,서울특별시 종로구 창의문로 42,문의바람,"자연 속의 도시경관, 도시 속의 역사경관"
379,흥인지문,378,서울특별시 종로구 종로 288,문의바람,"서울 성곽은 옛날 중요한 국가시설이 있는 한성부를 보호하기 위해 만든 도성(都城)으로, 흥인지문은 성곽 8개의 문 가운데 동쪽에 있는 문이다"
380,이봉창의사동상,379,서울특별시 용산구 효창원로 177-18,문의바람,이봉창의사의 애국정신을 기리는 동상
381,동대문역사문화공원,380,서울특별시 중구 을지로 281,"[공원] 24시간 개방
[배움터]  10:00~19:00 / 수,금 10:00~21:00 
[살림터] 평일 10:00~21:00 / 주말 또는 공휴일 10:00~22:00 
※ 알림터는 프로그램에 따라 운영 시간이 다름",서울의 옛 정취를 느낄 수 있는 문화공원
382,학전블루 소극장,381,서울특별시 종로구 대학로12길 46,공연에 따라 다름,다양한 장르의 문화창조 공간
383,간송미술관(서울 보화각),382,서울특별시 중구 을지로 281,"10:00~19:00 평일, 주말, 공휴일
10:00~21:00 금요일, 토요일",우리나라 최초의 사립미술관
384,어린이 감각놀이터 디키디키,383,서울특별시 중구 을지로 281,"10:30~18:30",디자인을 통해 감성과 창의력을 키우는 놀이문화공간
385,청운문학도서관,384,서울특별시 종로구 자하문로36길 40,"평일 10:00~21:00
주말 10:00~19:00",한옥으로 지어진 종로구 문학특성화도서관
386,민주인권기념관,385,서울특별시 용산구 한강대로71길 37,"09:30 ~17:30 (관람 종료 30분 전까지 입장 가능)","민주인권기념관은 서울 용산구 남영동에 있었던 공권력의 고문 시설 치안본부(경찰청의 전신) 남영동 대공분실을 보존하고, 아픔을 기억하며 희망으로 미래를 열어가자는 취지로 민주화운동기념사업회와 시민사회가 함께 힘을 모아 건립하는 기념관이다"
387,크라운해태 키즈뮤지엄,386,서울특별시 용산구 한강대로72길 3,"수~일 10:00~17:00 (월요일, 화요일 휴관)","거침없이 팍팍, 아이들의 해방구"
388,아트센터 K,387,서울특별시 종로구 동숭길 101,공연에 따라 다름,"2012년 2월 아트센터 K(구, 원더스페이스)가 재개관을 하였다"
389,어쩌다 산책,388,서울특별시 종로구 동숭길 101 현대엘리베이터 빌딩,문의바람,아름다운 시간
390,청운공원,389,서울특별시 종로구 창의문로 119,"00:00 - 24:00",서울의 아름다운 야경을 즐길 수 있는 청운공원
391,와룡공원,390,서울특별시 종로구 와룡공원길 192,문의바람,계절별 아름다운 꽃이 피는 공원
392,김옥길기념관,391,서울특별시 서대문구 연대동문길 47-6,이용 불가,김옥길 여사를 추모하기 위해 세운 기념관
393,낙산공원,392,서울특별시 종로구 낙산길 41,"낙산공원 상시개방
낙산전시관 09:00~17:00",역사문화관광의 중심 낙산공원
394,백범김구기념관,393,서울특별시 용산구 임정로 26,"10:00 ~18:00 (마감 17:00)",겨레의 큰 스승 백범 김구 선생의 삶과 사상을 이해할 수 있는 곳
395,어반아트,394,서울특별시 용산구 소월로44길 7 어반아트,※ 홈페이지 이용시간 참조,국내외에서 영향력 있는 현대미술 작가와 작품들을 소개는 곳
396,무악산 동봉수대 터,395,서울특별시 서대문구 봉원동,문의바람,적의 침입을 알리던 조선시대의 봉화터
397,몽인아트스페이스,396,서울특별시 중구 동호로15길 80,문의바람,현대미술가들을 위한 스튜디오
398,자하미술관,397,서울특별시 종로구 창의문로5가길 46,"10:00~18:00 (입장마감 17:30)
※ 전시일정 확인 후 방문",서울에서 가장 높은 곳에 위치한 미술관
399,북악산,398,서울특별시 종로구 청운동,"봄·가을(3월~4월/9월~10월) : 07:00~18:00 (16시까지 입산)
여름(5월~8월) : 07:00~19:00 (17시까지 입산)
겨울(11월~2월) : 09:00~17:00 (15시까지 입산)",서울분지를 둘러싸는 내4산(內四山)중 가장 높은 산
400,윤동주시인의언덕,399,서울특별시 종로구 창의문로 119,"00:00 - 24:00",남산타워가 보이는 아름다운 서울의 밤 풍경을 즐기기 좋은 언덕
401,윤동주문학관,400,서울특별시 종로구 창의문로 119,"화요일 ~ 일요일 10:00 ~ 18:00 
입장마감 17:30",윤동주의 발자취와 세상을 향한 그의 시선을 기억하고자
402,창의문(자하문),401,서울특별시 종로구 창의문로 118,문의바람,"4소문 중에서 그 원형을 유일하게 보존하고 있는 문"
403,연우소극장,402,서울특별시 종로구 창경궁로35길 21,공연에 따라 다름,"창작극 불모 시대에 창작극이라는 깃발을 내걸고 시작한 ""연우무대"" 는 한국 연극의 독자적인 공연 양식을 창출하기 위한 창작극 개발과 이에 따를 실험 작업으로 일관해왔으며, 이것이 오늘의 한국 연극에서 보여지는 창작극 활성화를 앞당겼음을 자부하고 있다"
404,서울한양도성 백악구간,403,서울특별시 종로구 청운동,"겨울 (11~2월 / 4개월) : 09:00~17:00(15:00까지 입산)봄,가을(3~4월,9~10월 / 4개월) : 07:00~18:00(16:00까지 입산)여름(5~8월 / 4개월) : 07:00~19:00(17:00까지 입산)※ 탐방 절차 간소화 → 신분확인 절차 생략※ 365일 연중 무휴",서울의 아름다운 모습을 감상할 수 있는 곳
405,JCC재능문화센터,404,서울특별시 종로구 창경궁로35길 29,화요일 ~ 일요일 (10:00 - 18:00),교육기업인 재능교육이 2015년 개관한 재능문화센터는 교육과 문화의 소통 공간이다
406,부암동,405,서울특별시 종로구 창의문로 145,"24시간",풍경이 미술관이 되는 곳
407,백악마루,406,서울특별시 종로구 부암동 30,"5~8월 07:00~19:0011~2월 09:00~17:003~4월·9~10월 07:00~18:00",서울 도심을 조망하는 최고의 포인트
408,북정마을,407,서울특별시 성북구 성북로23길 132-3,"09:00~18:00 (주민배려 정숙관광 필요)",오래된 골목의 정취를 느끼다
409,가톨릭대학교 성신교정도서관,408,서울특별시 종로구 창경궁로 296-12,"[대출실] 학기중 09:00 ~ 17:00 / 방학중 09:00 ~ 16:00
[자료실, 복사실] 학기중 08:30 ~ 17:30 / 방학중 08:30 ~ 16:30 (점심시간 12:30 ~ 14:00)
[연학실] 학기중 08:30 ~ 17:30 / 방학중 휴실","한국 교회를 이끌어 갈 성직자 양성과, 가톨릭 교육의 최고 기관으로서의 역할을 다하기 위해서 제반연구에 필요한 자료를 수집, 보존, 관리하여 교수와 학생들에게 연구 자료에 관한 정보를 제공하고 있다"
410,산마루놀이터,409,서울특별시 종로구 창신6가길 47,- 하절기(5~10월) 09:00~19:00- 동절기(11~4월) 09:00~18:00,창신동의 지역적 의미를 되살린 놀이터
411,경리단길,410,서울특별시 용산구 이태원동,"00:00 ~ 24:00","경리단길은 국군재정관리단 정문으로부터 그랜드하얏트 호텔 방향으로 이어지는 길과 주변 골목길을 통칭하며, 과거 육군중앙경리단이 현 위치에 있어 경리단길이라 불리어왔다"
412,남산 야외식물원,411,서울특별시 용산구 소월로 323,문의바람,남산타워 올라가기 위해 거쳐가는 자연쉼터
413,채석장 전망대,412,서울특별시 종로구 창신동,"평일 13:00 ~ 22:00 (월요일 휴무)
주말 10:00 ~ 22:00",채석장의 역사를 간직한 전망대
414,전쟁기념관,413,서울특별시 용산구 이태원로 29,"09:30~18:00 (입장마감 17:00)","호국의 전당, 전쟁기념관"
415,환기미술관,414,서울특별시 종로구 자하문로40길 63,"10:00~18:00
※ 전시에 따라 변동 가능","환기미술관은 수화 김환기 선생 작고 이듬해 설립된 환기재단에 의해 1992년 세워졌으며, 김환기 선생의 작품전시를 비롯한 다양하고 활발한 기획전시, 행사, 교육프로그램 등을 운영해 오고 있다"
416,올림픽기념국민생활관,415,서울특별시 종로구 성균관로 91,문의바람,시민들을 위한 문화공간
417,충무아트센터,416,서울특별시 중구 퇴계로 387,해당 공연 및 전시에 따라 다름,공연예술의 허브
418,만해한용운심우장,417,서울특별시 성북구 성북로29길 24,"09:00~18:00",‘님의 침묵’의 시인인 만해 한용운님의 유택
419,신당동 떡볶이 골목,418,서울특별시 중구 다산로33길 10-18,문의바람,떡볶이 골목의 살아있는 전설
420,동대문 문구완구거리,419,서울특별시 종로구 종로52길 36,"08:00~19:00",국내 최대 문구·완구를 취급하는 전문 시장
421,안양암(서울),420,서울특별시 종로구 창신5길 59-2,문의바람,안양암(安養庵)은 서울시 종로구 창신동에 자리한 사찰로 한국미술박물관의 별관이다
422,러쉬 이태원SPA점,421,서울특별시 용산구 회나무로42길 10,"10:00~22:00",영국 전통의 감성스파
423,이대거리,422,서울특별시 서대문구 대현동,문의바람,"카페, 음식점, 의류, 미용실, 화장품 등 특색있는 점포들이 가득한 거리"
424,공덕동 족발 골목,423,서울특별시 마포구 임정로21길 12-4,문의바람,추억이 있는 공덕동 족발 골목
425,종로구시설관리공단 종로구민회관(실내),424,서울특별시 종로구 지봉로5길 7-5,※ 대상별 상이하므로 홈페이지 참고,"종로구민회관은 2000년 2월에 설립된 종로구시설관리공단에서 운영하는 종합스포츠/문화센터로서 지역발전 및 구민여러분의 생활 편익과 건강, 복리증진을 위하여 운영되고 있다"
426,유금와당박물관,425,서울특별시 종로구 창의문로11가길 4,"14:00 ~ 18:00",한국와당의 역사와 시대별 변천사를 볼 수 있는 박물관
427,갤러리 스클로,426,서울특별시 중구 다산로16길 29,화요일~토요일 10:00~18:00공휴일 11:00 ~ 17:00※전시기간 내에만 공휴일에 오픈,유리예술품을 전시하는 국내 최초 리조형작품 전문화랑
428,마포문화원,427,서울특별시 마포구 백범로 227 마포문화원,"09:00~18:00",마포문화원은 지방문화원법('94
429,그랜드하얏트 서울 아이스링크,428,서울특별시 용산구 소월로 322,문의바람,감미롭고 환상적인 시간을 보내다
430,마포아트센터,429,서울특별시 마포구 대흥로20길 28,공연에 따라 다름,"다양한 공연, 전시로 구민의 일상 문화예술을 위한 전문 공연장, 마포아트센터"
431,북악산 숙정문,430,서울특별시 성북구 대사관로 1,"11월~2월 : 10:00 ~ 15:00 (17시까지 퇴장)
3월~10월 : 09:00 ~ 16:00 (18시까지 퇴장)",국민의 품으로 돌아온 북악산 숙정문
432,갤러리 S.P,431,서울특별시 용산구 회나무로44가길 30,월~금 10:00~18:00 (전화문의),다양한 장르의 현대 미술품을 만나볼 수 있는 곳
433,석파정서울미술관,432,서울특별시 종로구 창의문로11길 4-1,"10:00 ~ 18:00",서울 종로구 부암동에 있는 사립미술관으로 흥선대원군의 별서인 석파정을 함께 관리하고 있다
434,신촌문화발전소,433,서울특별시 서대문구 연세로2나길 57,"10:00~21:00",신촌문화발전소는 청년 문화예술인의 창작활동을 지원하고 함께 성장하는 문화예술 커뮤니티 공간입니다
435,서울 연세대학교 언더우드관,434,서울특별시 서대문구 연세로 50,문의바람,대학교의 역사를 보여주는 캠퍼스의 상징
436,우석뮤지엄,435,서울특별시 서대문구 신촌로 129,화요일~일요일 10:00~19:00,우석 최규명 선생의 작품을 만나보자 !
437,서울 연세대학교 아펜젤러관,436,서울특별시 서대문구 연세로 50,문의바람,연세대학교의 본관건물인 스팀슨관의 맞은편에 위치하고 있다
438,상허이태준가옥(수연산방),437,서울특별시 성북구 성북로26길 8,"평일 11:30~18:00
주말 11:30~22:00  (18:00~19:00 브레이크타임)",상허 이태준이 많은 문학작품을 집필한 곳
439,서울 연세대학교 스팀슨관,438,서울특별시 서대문구 연세로 50,문의바람,연세대학교에 최초로 세워진 건물
440,최순우 옛집,439,서울특별시 성북구 성북로15길 9,"10:00 ~ 16:00 *행사 별 상이하므로 상세 내용 홈페이지 참고 
* 단체 20인 이상 관람 시는 사전예약","꾸미지 않은 단아한 아름다움, 시민문화유산 1호"
441,성북문화원,440,서울특별시 성북구 성북로4길 13-8,"09:00~18:00 / 강좌마다 시간상이","성북문화원은 지역문화에 관한 사회교육 활동, 지역 환경보존 등 지역사회 발전을 위한 문화활동 및 기타 장학사업 등 지역문화발전에 기여할 수 있는 사업을 추진하고 있으며, 향토사의 조사, 연구 및 사료의 수집, 보존과 지역 고유문화의 계발하고 보존하며 지역 전통문화의 국내외 교류에 힘쓰고 있다"
442,당고개순교성지,441,서울특별시 용산구 청파로 139-26,문의바람,역사가 담긴 곳
443,블루스퀘어,442,서울특별시 용산구 이태원로 294,공연에 따라 다름,하루종일 있어도 지루할 틈이 없는 복합문화공간
444,서울 삼각지 대구탕 골목,443,서울특별시 용산구 한강대로 182,점포마다 다름,"30년 전통을 지닌 삼각지 대구탕 골목"
445,리움 미술관,444,서울특별시 용산구 이태원로55길 60-16,"10:00~18:00 (매표마감 17:30)",한국 미술의 수준 높은 전시
446,녹사평역 지하예술정원,445,서울특별시 용산구 녹사평대로 지하 195,문의바람,예술과 자연이 어우러진 문화 공간
447,서울 동관왕묘,446,서울특별시 종로구 난계로27길 84,문의바람,명장 관우의 사당(보물)
448,서강대박물관,447,서울특별시 마포구 백범로 35,"10:00~12:00, 13:00~15:00",한국 민족문화를 배우는 박물관
449,백해영갤러리,448,서울특별시 용산구 이태원로27길 77,"09:00~19:00",백해영 갤러리는 서울에 위치한 갤러리와 뉴욕의 지사를 중심으로 세계 속의 한국미술 문화 발전과 국제화를 위해 최선을 다해왔다
450,성북동성당,449,서울특별시 성북구 선잠로 28,"00:00 ~ 24:00 / 예배일정은 홈페이지참조",성북동 산책로 중심에 자리 잡은 성당으로 길상사와 가까운 곳에 위치해 있다
451,숭인근린공원,450,서울특별시 종로구 동망산길 150,문의바람,도심속에 자리잡은 시민들의 휴식공간
452,청룡사(서울),451,서울특별시 종로구 동망산길 65,일출시~일몰시,"청룡사(靑龍寺)는 대한불교조계종 직할교구 조계사의 말사로, 종로구 숭인동에 위치한다"
453,서대문자연사박물관,452,서울특별시 서대문구 연희로32길 51,"※ 사회적 거리두기 해체로 단체관람만 예약(개인관람은 예약 없음)
- 코로나19로 인한 생활 속 거리두기의 방편으로 온라인 사전예약 관람제 실시
평일 : 09:00~18:00 (매표 및 입장마감 17:00)
주말 : 09:00~19:00 (매표 및 입장마감 18:00)
* 사전예약 관련 문의 02-330-8899",태초의 생명과 대자연의 역사가 펼쳐진다
454,용산공예관,453,서울특별시 용산구 이태원로 274,매주 화요일~일요일 10:00~19:00,"과거와 현재, 도시와 도시를 이어주는 복합문화공간"
455,묘각사(서울),454,서울특별시 종로구 종로63가길 31,문의바람,묘각사는 서울시 종로구 숭인동 낙산 동쪽에 있는 사찰로서 대한불교 관음종 총본산이다
456,박정희대통령가옥,455,서울특별시 중구 다산로36가길 25,화요일 ~ 일요일 10:00 ~ 18:00,박정희 전 대통령의 가옥
457,서울특별시교육청 서대문도서관,456,서울특별시 서대문구 모래내로 412,"[종합자료실] 평일 09:00~20:00 / 주말 09:00~17:00
[어린이자료실] 평일 09:00~18:00 / 주말 09:00~17:00
[자율학습실] 평일 08:00~22:00 / 주말 08:00~22:00
하절기(3월-10월) 07:00 ~ 
[디지털자료실,연속간행물실] 평일 09:00~18:000 / 주말 09:00~17:00",꿈과 열정을 키워 나가는 서울시교육청 서대문도서관
458,해밀톤호텔 수영장(실외),457,서울특별시 용산구 이태원로 179,"10:00 ~ 18:00",음악과 함께 즐기는 도심 속 실외 수영장
459,다울랭 갤러리,458,서울특별시 용산구 이태원로54길 5,"11:00 - 20:00",예술이라는 언어로 소통과 유대를 형성하는 공간
460,신촌 플레이버스,459,서울특별시 서대문구 연세로5길 11,"11:00 ~ 21:00",이야기를 실은 음악버스 신촌 플레이버스
461,TINC,460,서울특별시 성북구 동소문로10길 34-16 명성교회,해당 전시나 공연에 따라 다름.,무엇이든 가능한 자유로운 문화공간
462,성락원(서울),461,서울특별시 성북구 선잠로2길 47,문의바람,아름다움을 맘껏 뽐내고 있는 별서정원
463,연세로,462,서울특별시 서대문구 연세로 일대,문의바람,신촌전철역에서 연세대학교까지 이어지는 연세로는 신촌의 중심거리이다
464,보문사(서울),463,서울특별시 성북구 보문사길 20,문의바람,왕비와 후궁들의 기도처
465,과학동아천문대,464,서울특별시 용산구 청파로 109,매일 09:00 ~ 22:00,서울시 용산구 도심 속 위치한 천문대이다
466,현대카드 스토리지,465,서울특별시 용산구 이태원로 248,"화-토요일 12:00 ~ 21:00
일,공휴일 12:00 ~ 18:00",장르를 넘나드는 실험적 전시공간
467,이태원 관광특구,466,서울특별시 용산구 이태원로 196,문의바람,"외국 문화의 집결지, 이태원"
468,길상사(서울),467,서울특별시 성북구 선잠로5길 68,문의바람,다양한 프로그램이 마련된 도심문화공간
469,백사실계곡,468,서울 종로구 부암동 115,문의바람,문화사적과 자연이 어우러진 계곡
470,[북악하늘길 형제봉오름길] 하늘마루~형제봉,469,서울특별시 성북구 동소문로24길 14-8,문의바람,"41년 만에 개방된 산책로 북악하늘길"
471,한국가구박물관,470,서울특별시 성북구 대사관로 121,"평일 11:00~19:00
토요일 09:00~18:00
※ 사전예약제운영",유퀴즈 BTS편 촬영지! 해외 명사들이 감탄한 아름다운 박물관
472,미타사(성북),471,서울특별시 성북구 보문사길 6-16,문의바람,동대문 밖 비구니 수행도량
473,[북악하늘길 1산책로] 북악팔각정~말바위쉼터,472,서울특별시 종로구 북악산로 267,문의바람,"41년 만에 개방된 산책로, 북악하늘길"
474,북악스카이 팔각정,473,서울특별시 종로구 북악산로 267,문의바람,천혜의 입지조건을 갖춘 한국 전통미를 살린 한옥형 정자
475,홍지문 및 탕춘대성,474,서울특별시 종로구 홍지동,상시 개방,수도 방위를 위하여 만들어진 성곽
476,옥천암(서울),475,서울특별시 서대문구 홍지문길 1-38,문의바람,관세음의 맑은 샘이 솟아나
477,본화랑,476,서울특별시 종로구 자하문로 299,"10:00~18:00",현대적이고 감각적인 모습으로 소통하는 갤러리
478,알부스갤러리,477,서울특별시 용산구 한남대로28길 26,"화요일~토요일 10:00~18:00 
일요일, 공휴일 10:00~17:00",국내 최초의 일러스트레이션 전문 갤러리
479,용산성당,478,서울특별시 용산구 효창원로15길 37,문의바람,신자들이 스스로 복음의 터전을 일군 용산성당
480,우리옛돌박물관,479,서울특별시 성북구 대사관로13길 66,"평일 10:00 ~ 17:00
주말 및 공휴일 10:00 ~ 18:00
※ 1시간 전까지 입장 가능","2015년11월 11일 서울 성북동에 개관한 우리옛돌박물관은 국내 최초 석조유물 전문 박물관이자 수복강녕과 길상을 기원하는 박물관이다"
481,평화열차 DMZ 트레인,480,서울특별시 용산구 한강대로23길 55,열차운행시간 참조,역사의 아픔을 딛고 떠나는 평화열차
482,대원군별장 (석파정),481,서울특별시 종로구 창의문로11길 4-1,문의바람,인왕산 자락에 자리잡은 무릉도원
483,홍제천 폭포마당,482,서울특별시 서대문구 연희동 170-181,"09:00 ~ 19:00 (4·5·9·10월) 08:00 ~ 20:00 (6·7·8월)","꽃으로 그린 가을, 걷고 싶은 길"
484,이태원 앤틱 가구 거리,483,서울특별시 용산구 보광로 109-1,문의바람,앤틱과 빈티지를 접할 수 있는 거리
485,세븐럭카지노(서울드래곤시티점),484,서울특별시 용산구 청파로20길 95 서울드래곤시티,"24시간","세븐럭 카지노 서울드래곤시티점은 한국 전통과 문화의 중심, 서울 용산에 위치해 있다"
486,이태원 이슬람거리,485,서울특별시 용산구 우사단로,문의바람,이태원역에서 한국 이슬람교 중앙회 이슬람 성원까지 300m 남짓 거리에 40여개의 무슬림 상가가 밀집해 이슬람타운을 형성하고 있다
487,정법사(서울),486,서울특별시 성북구 대사관로13길 44,문의바람,삼선교에서 성북동길로 접어들어 길상사(옛 대원각)를 오른쪽에 두고 언덕길로 조금 오르다가 우측으로 보면 성북동에서는 가장 오래된 절인 정법사(正法寺)가 나온다
488,주한이탈리아문화원,487,서울특별시 용산구 한남대로 98,평일 09:30 - 17:00금요일 09:30 - 13:00※ 전화문의,"이탈리아의 공식 기관인 서울 이탈리아 문화원은 사상과 예술, 학문의 교류를 용이하게 하기 위한 다양한 문화 행사들을 기획하여 이탈리아 문화와 이탈리아어를 대한민국에 보급하고 장려하기 위해 힘쓴다"
489,신기한놀이터 떼굴떼굴,488,서울 서대문구 홍제동 산41-31,"09:00 ~ 18:00(4월~10월) / 09:00 ~ 16:40(11월~3월)",오감만족 즐기는 여행
490,이한열박물관,489,서울특별시 마포구 신촌로12나길 26,월~금 10:00~17:00,민주화에 몸을 바친 순수한 열정을 기억하다
491,[북악하늘길 스카이웨이] 하늘한마당~하늘마루,490,서울특별시 성북구 북악산로,문의바람,"41년 만에 개방된 산책로 북악하늘길"
492,왜고개,491,서울특별시 용산구 한강대로40길 46,"00:00 ~ 24:00",역사가 담긴 곳
493,세검정 터 (구 세검정),492,서울특별시 종로구 세검정로 244,문의바람,정조가 연융대에서 활쏘기를 한 후 쉬어가던 곳
494,서울 용산신학교와 원효로 예수성심성당,493,서울특별시 용산구 원효로19길 49,문의바람,천주교의 역사가 살아숨쉬는 곳
495,서울특별시교육청 동대문도서관,494,서울특별시 동대문구 천호대로4길 22,"[종합자료1실] 09:00~20:00 (주말 09:00~17:00)
[종합자료2실]09:00~18:00 (주말 09:00~17:00)
[어린이실] 09:00~18:00 (주말 09:00~17:00)
[자율학습실] 하절기 07:00~22:00 (주말 07:00~22:00) / 동절기 08:00~22:00 (주말 06:00~22:00)","1971년 3월에 개관하여 지금에 이르기까지 지역사회의 미래를 여는 문, 정보의 샘터, 평생교육의 장으로서 역할을 다하고 있다"
496,쉼박물관,495,서울특별시 종로구 세검정로 209-17,"하절기(4~10월) 화~토 10:00~18:00 / 일 14:00~19:00
동절기(11~3월) 화~토 10:00~17:00 / 일 14:00~18:00
※ 관람 종료시간 1시간 전까지 입장 가능",조상들의 죽음에 대한 해석을 재조명하는 편안한 쉼터
497,이태원 우사단길,496,서울특별시 용산구 한남동,문의바람,한국적 정서와 이국적인 분위기를 느낄 수 있는 곳
498,김달진미술자료박물관,497,서울특별시 종로구 홍지문1길 4,"평일: 10:00~17:00
토요일: 10:00~14:00",현대미술의 기초 사료를 기록자로서 정리해가는 박물관
499,긱 라이브하우스,498,서울특별시 마포구 신촌로10길 7,공연에 따라 다름,폭넓고 다양한 공연이 펼쳐지는 라이브하우스
500,VRZONE 용산 아이파크몰점,499,서울특별시 용산구 한강대로23길 55,"일~목 10:30 ~ 20:30
금~토 10:30 ~ 21:00",가상현실 속에서 즐기는 시원한 액션 !
501,소림사(서울),500,서울특별시 종로구 세검정로 241-3,문의바람,소림사는 서울시 종로구 홍지동 80-1번지에 자리한 대한불교조계종 직할사찰이다
502,서해금빛열차,501,서울특별시 용산구 한강대로23길 55,문의바람,"장항선을 따라 아산온천, 수덕사, 남당항, 대천해수욕장, 국립생태원, 군산근대문화유산거리, 보석박물관 등 아산·예산·홍성·보령·서천·군산·익산 서해 7개 지역의 보석 같은 관광지를 찾아 떠나는 새로운 관광전용열차이다"
503,용산역광장,502,서울특별시 용산구 한강대로23길 55,문의바람,이용객들의 편의성이 확보된 광장
504,서울풍물시장 전통문화체험관,503,서울특별시 동대문구 천호대로4길 21,"10:00~19:00 (식당 ~ 22:00까지 영업)",‘전통문화체험관’은 서울풍물시장을 방문한 내∙외국인 관광객이 다양한 한국의 전통문화 소품을 간단하게 만들어 볼 수 있는 공간이다
505,아모레퍼시픽미술관,504,서울특별시 용산구 한강대로 100,"10:00 ~ 18:00",아모레퍼시픽 본사에서 만나볼 수 있는 현대 미술 전시
506,챔피언1250,505,서울특별시 용산구 한강대로21나길 17,"월-목,일요일 10:30 ~ 20:30
금-토요일, 공휴일 10:30 ~ 21:00",아이가 하루종일 즐겁게 뛰어놀 수 있는 공간
507,미타사(성동),506,서울특별시 성동구 독서당로40길 21,"00:00~24:00",성동의 문화를 찾아서
508,용산문화원,507,서울특별시 용산구 효창원로8길 28,"09:00~18:00 (12~13시 점심시간)","용산문화원은 지방문화원진흥법에 의거 1997년 서울특별시장의 설립인가를 받아 문화관광부, 서울특별시, 용산구의 지원으로 운영되고 있는 비영리법인으로서 청소년사생대회, 우수가족 영화 무료상영, 용산가족백일장, 문화유적지탐방, 용산예술인초대전, 용산문화가족축제, 수강생작품전시회, 향토사료편람발간, 용산문화발간 등 다양한 문화사업과 성인 및 어린이를 대상으로 다양한 문화강좌 사업을 통하여 용산지역 문화발전에 이바지하고 있다"
509,화정박물관,508,서울특별시 종로구 평창8길 3,"10:00~18:00",다양한 예술작품을 만나는 공간
510,디뮤지엄,509,서울특별시 용산구 독서당로29길 5-6,"화~금/일요일 11:00 ~ 20:00
토요일(연장개관) 11:00~ 21:00",과거와 현재가 공존하는 문화예술의 성지
511,서대문문화체육회관 실내수영장,510,서울특별시 서대문구 백련사길 39,"06:00~22:00 (단, 토요일은 19:00까지)","서대문문화체육회관 실내수영장은 지상 1층에 위치, 총 7개의 레인을 보유하고 있다"
512,김대중도서관,511,서울특별시 마포구 신촌로4길 5-26,"평일 : 10:00~17:00
토요일(첫째주) : 10:00~17:00","김대중 도서관은 평화, 민주화, 빈곤 퇴치를 키워드로 대한민국 제15대 대통령인 김대중 대통령의 철학과 인생역정 및 한국 현대사의 주요 쟁점과 사건을 연구하는 대통령 도서관이다"
513,적조사(서울),512,서울특별시 성북구 흥천사길 49-23,문의바람,아담한 분위기에 암자의 틀을 갖추고 있는 절
514,소극장 산울림,513,서울특별시 마포구 와우산로 157,공연에 따라 다름,"보수 속의 진보정신으로, 좋은 연극을 열심히 만들어 온 극단 산울림은 한국에서 유일하게 자체 전용극장을 소유한 극단이다"
515,경의선책거리,514,서울특별시 마포구 와우산로37길 35,"11:00 – 20:00 (화~일요일)",책을 통한 복합문화공간
516,포스트극장,515,서울특별시 마포구 와우산로 148,공연에 따라 다름,"1992년 10월 개관하여 무용전문극장으로서 국제예술제와 각종 기획공연을 통해 우리의 전통춤과 창작춤, 일본의 부토, 유럽의 현대무용, 아프리카 춤, 아시아 여러 지역의 새로운 경향의 춤들을 소개하고, 음악, 연극, 마임 등 다른 장르의 공연까지 수용하는 한편 춤과 타장르가 접목된 실험적 공연들을 꾸준히 올려 놓고 있다"
517,흥천사,516,서울특별시 성북구 흥천사길 29,일출시~일몰시,"600년의 역사를 이어온 조선 왕실의 원찰"
518,갤러리 스케이프,517,서울특별시 용산구 독서당로 122-1 포트힐(Fort Hill) 빌딩,평일 10:00~18:00,창조적인 작품 활동을 하는 문화예술 공간
519,고원,518,서울특별시 서대문구 연희로11다길 39,오전 7:00 - 오후 9:00 (100% 예약제),평범하고 특별한 한 시간
520,[북악하늘길 3산책로] 북카페~숲속다리,519,서울특별시 성북구 성북동,문의바람,"41년만에 개방된 산책로"
521,라온트래블스토리지,520,서울특별시 마포구 양화로 지하 188,"일-목요일 09:30 - 21:30 
금-토요일 09:30 - 23:30",자유롭게 쇼핑하기 좋은 공간
522,해병대104고지전적비,521,서울특별시 서대문구 성산로13길 35-1,문의바람,장렬히 산화한 젊은 해병대원들을 추모하는 전적비
523,레치키치 스튜디오,522,서울특별시 마포구 동교동,문의바람,다양한 이색 컨셉으로 행복한 우리들의 시간들을 담아내는 공간
524,[북악하늘길 2산책로] 하늘교~성북천발원지,523,서울특별시 성북구 성북동,문의바람,천혜의 자연이 그대로 살아 숨쉬는 산책로
525,용산도시기억전시관,524,서울특별시 용산구 서빙고로 17,화~토 10:00 - 19:00 자유입장 (18:30까지 입장),용산의 도시변천사에 대한 기록을 볼 수 있는 곳
526,마포대교 야경,525,서울특별시 마포구 마포동,문의바람,한강에서 4번째로 가설된 교량
527,대안공간 루프,526,서울특별시 마포구 와우산로29나길 20,"10:00 ~ 19:00",문화예술의 꽃 대안공간
528,달맞이봉공원,527,서울특별시 성동구 금호동4가 산 27,문의바람,서울야경 명소로 많은 시민들이 찾고 있는 공원
529,서울시립 미술아카이브,528,서울특별시 종로구 평창동,"10:00~20:00","기록과 예술이 함께하는 미술관, 서울시립 미술아카이브"
530,보광사(서울),529,서울특별시 용산구 장문로15나길 6,"00:00~24:00",우후묘 주위에 좋지 않은 일이 많이 일어나고 사당터의 기가 세다는 설이 있어 이 기를 누르기 위해 사당 옆에 '보광사'를 지었다
531,서울 정릉(신덕왕후) [유네스코 세계문화유산],530,서울특별시 성북구 아리랑로19길 116,"* 2~5월/9~10월 06:00~18:00
* 6~8월 06:00~18:30
* 11~1월 06:30~17:30
※ 매표마감은 관람시간 1시간 전까지",조선 1대 태조의 두 번째 왕비 신덕고황후 강씨의 능
532,충주 정토사지 홍법국사탑,531,서울특별시 용산구 서빙고로 137,문의바람,"고려 목종 때의 승려인 홍법국사의 부도로, 충청북도 중원군(현 충주시)의 정토사 옛터에 있던 것을 1915년에 경복궁으로 옮겨 왔으며, 현재는 국립중앙박물관에 있다"
533,전통염료식물원,532,서울특별시 용산구 서빙고로 137,"화·목·금 09:00 ~ 18:00
수·토 09:00 ~ 21:00 (야간개장)
일요일 09:00 ~ 19:30
공휴일 09:00 ~ 19:00",국립중앙박물관에서는 우리 조상들이 색채를 연출하기 위해 이용하였던 전통염료식물들을 이곳에 심고 가꿈으로써 전통염료문화를 되살리고 메마른 우리의 마음을 풍요롭게 하기 위해 전통염료 식물원을 마련했다
534,국립중앙박물관 어린이박물관,533,서울특별시 용산구 서빙고로 137,"10:00~17:50
1회 10:00~11:50
2회 12:00~13:20
3회 13:30~14:50
4회 15:00~16:20
5회 16:30~17:50
*회차별 70명 사전예약 이용","눈으로 보고, 손으로 만지며, 가슴으로 느낄 수 있는 체험식 박물관"
535,국립중앙박물관,534,서울특별시 용산구 서빙고로 137,"월, 화, 목, 금, 일요일: 10:00 ~ 18:00 (입장 마감: 17:30)수, 토요일: 10:00 ~ 21:00 (입장 마감: 20:30)옥외 전시장(정원)은 오전 7시부터 관람 가능","과거와 현재, 미래가 공존하는 감동의 공간"
536,광흥당,535,서울특별시 마포구 독막로21길 15,평일 09:00 ~ 18:00,"광흥당은 공민왕사당 오른쪽에 있는 한옥문화공간으로 전통문화의 소중함을 일깨우기 위해 다양한 프로그램을 운영하고 있으며, 향토사료 발굴‧전시 및 청소년 등을 위한 교육 프로그램을 운영하고 있다"
537,대현산체육관,536,서울특별시 성동구 독서당로63길 44,"06:00 ~ 22:00",서울 성동구 대현산공원 안에 있는 대현산체육관은 성동구 주민들의 건강을 위해 운영되고 있는 공공 체육시설이다
538,연남동 공방거리,537,서울특별시 마포구 성미산로28길 18,문의바람,젊은 예술인들의 문화예술공간
539,성신여자대학교박물관,538,서울특별시 성북구 보문로34다길 2,"10:00~17:00 (입장마감 16:30)","성신여자대학교박물관은 한국의 전통미와 생활양식을 이해하고, 자주적인 여성관 정립에 기여함을 목적으로 설립되었다"
540,한국예절문화원,539,서울특별시 서대문구 가재울로4길 43,"09:00~18:00",한국 고유의 전통예법과 현대생활예절을 연구
541,상명대학교 박물관,540,서울특별시 종로구 평창문화로 151,월~금 10:00~17:00 (※하계방학기간 10:00~15:00),창조와 융합을 이루는 문화자원의 보고
542,응봉산(서울),541,서울특별시 성동구 금호동4가 1540,문의바람,"응봉산(해발 94m)에서 바라보는 일출은 한강과 서울숲, 잠실운동장 등 서울 동부권의 모습을 한눈에 볼 수 있다"
543,평창동 갤러리 거리,542,서울특별시 종로구 평창동,문의바람,"서울에서 갤러리가 많이 모여있는 지역으로 인사동, 사간동, 평창동 등을 꼽는다"
544,용산공원 (옛 미군기지),543,서울특별시 용산구 서빙고로 221,화-토요일 내부시설 09:00 ~ 17:00 / 외부시설 09:00 ~ 18:00,역사를 품은 도심 속 감성 휴양지
545,성촌공원,544,서울 용산구 이촌동 173-1,"00:00 ~ 24:00",자연과 함께 휴식할 수 있는 근린공원
546,순교성지새남터기념성당,545,서울특별시 용산구 이촌로 80-8,"10:00 - 17:00",역사가 담긴 곳
547,백련사(서울),546,서울특별시 강북구 4.19로20길 142,문의바람,"수행과 포교의 도량, 백련사"
548,새남터기념성당,547,서울특별시 용산구 이촌로 80-8,기념관 10:00 ~17:00,역사가 담긴 곳
549,홍대 벽화거리,548,서울특별시 마포구 상수동 72-36,"00:00~24:00",젊음이 느껴지는 홍대 벽화거리
550,상원미술관,549,서울특별시 종로구 평창31길 27,화~토 10:30~17:30(관람종료 30분전까지 입장),"상원미술관은 공예/사진/디자인 전문 미술관으로 디자이너와 공예작가들의 내실있는 전시와 커뮤니티를 통해 국민과 함께하는 문화적 정체성을 확립하고자 2003년 9월 23일, 2년간의 준비기간과 IT 기반하에 신축되는 다기능 미술관으로서 개관되었다"
551,봉국사(서울),550,서울특별시 성북구 정릉로 202,문의바람,신덕 왕후 강씨 정릉(貞陵)의 원찰(願刹)
552,[북한산 둘레길] 7 옛성길,551,서울특별시 종로구 구기동,문의바람,"서울성곽, 유서깊은 도읍의 체취를 물씬 풍기다"
553,삼성출판박물관,552,서울특별시 종로구 비봉길 2-2,"10:00 ~ 17:00",우리나라 출판문화의 역사를 배워보자 !
554,홍대,553,서울특별시 마포구 홍익로 20,문의바람,"청춘이 사랑하는 곳, 청춘을 사랑하는 곳"
555,국립한글박물관,554,서울특별시 용산구 서빙고로 139,"월~금, 일요일 10:00~18:00
토요일 10:00~ 21:00<0br >
※ 온라인 사전 예약제로 운영","우리 민족 최고의 문화유산인 한글의 문자적 · 문화적 가치를 창출하고
널리 알릴 수 있는 국립한글박물관"
556,청계천박물관,555,서울특별시 성동구 청계천로 530,"09:00~18:00
※ 관람시간 종료 30분전까지 입장 가능",청계천의 역사와 문화
557,토탈미술관,556,서울특별시 종로구 평창32길 8,화~일 11:00~18:00,"미술관 기능의 확대와 함께 1992년 4월 북한산 자락에 개관한 토탈미술관은 서울 근교인 장흥에 있는 토탈 야외미술관의 서울 분관으로 설립 되었으며, 미술관 아카데미, 자료실, 아트숍, 야외 공연장 등이 있다"
558,가나아트센터,557,서울특별시 종로구 평창30길 28,"10:00~19:00",미술문화의 발전과 미술 국제화를 위한 노력하는 곳
559,윤스칼라,558,서울특별시 마포구 와우산로14길 12,"월~토 10:00~18:30
일 11:00~18:30",한류드라마의 대표적인 사계절 시리즈를 볼 수 있는 곳
560,개운사(서울),559,서울특별시 성북구 개운사길 73,문의바람,선한 인연을 만들어 나가는 공간
561,경의선숲길(연트럴파크),560,서울특별시 마포구 동교로51길 133,문의바람,"철길 따라 다른 풍경, 경의선숲길"
562,수애뇨339,561,서울특별시 종로구 평창길 339,"월-토 10:00 ~ 19:30, 일 11:00 ~ 19:00",다양한 예술을 만나고 체험하며 조금 더 풍성한 세상으로 이어지는 터전
563,코코넛박스,562,서울특별시 마포구 서교동,"11:00~22:00",NFT 작품을 체험할 수 있는 아트플레이스
564,성동문화원,563,서울특별시 성동구 왕십리로 281,"09:00~18:00",남녀노소 누구나 즐기는 문화생활 !
565,김종영미술관,564,서울특별시 종로구 평창32길 30,"3월~10월 10:00~18:00
11월~2월 10:00~17:00",한국 조각 예술사의 1세대 조각가이자 근대 추상 미술의 선구자
566,용산가족공원,565,서울특별시 용산구 서빙고로 185,"24시간",반려동물 동반 가능한 자유롭고 평화로운 휴식처
567,홍대난타전용관,566,서울특별시 마포구 양화로16길 29,"[공연시간]
- 월~금 17:00, 20:00
- 토 14:00, 17:00. 20:00
- 일,공휴일 14:00, 17:00 
※ 단, 공연 스케줄은 기획사 사정에 의해 변경가능",젊음과 문화의 거리 홍대에 위치한 홍대난타전용관에서는 하루 2회씩 난타공연이 열린다
568,한강세븐수상레저,567,서울특별시 용산구 양녕로 496,"06:00~20:00",아름다운 한강에서 즐기는 다양한 수상 스포츠!
569,서빙고동 부군당,568,서울특별시 용산구 서빙고로59길 3-6,문의바람,서빙고동 부군당은 조선시대 이 마을 주민들이 마을의 수호와 주민의 안녕을 위해 세운 제당(祭堂)이다
570,KT&G 상상마당(홍대),569,서울특별시 마포구 어울마당로 65,시설별로 다름,"다양한 분야의 트렌드를 제시하고 공유하면서 새로운 문화를 만드는 데 앞장서는
도심 속 복합문화 예술공간"
571,용두동 쭈꾸미골목,570,서울특별시 동대문구 용두동,점포마다 상이함,매콤한 쭈꾸미가 모인 곳
572,청계천 버들습지,571,서울 동대문구 용두동,문의바람,도심속에 자리잡은 시민들의 휴식공간
573,연남동끝자락길,572,서울특별시 마포구 성미산로17길,매장마다 상이,이름 그대로 연남동 끝자락에 자리한 이곳은 한때 피난길로 불렸다
574,상수동 카페거리,573,서울특별시 마포구 상수동,문의바람,커피향 가득한 거리에서 즐기는 데이트
575,로렌스길,574,서울특별시 마포구 상수동,문의바람,한국에서 가장 오래된 시계회사인 로렌스 뒤쪽
576,[북한산 둘레길] 6 평창마을길,575,서울특별시 종로구 평창동,문의바람,북한산 자락을 완만하게 걸을 수 있도록 조성한 저지대 수평 산책로
577,청계천 자전거도로,576,서울특별시 성동구 마장동 294,"24시간",자전거위에서 즐기는 서울의 역사 탐방
578,고려대학교박물관,577,서울특별시 성북구 안암로 145,"10:00~17:00
※ 입장은 관람종료 1시간 전까지 가능",국내 대학박물관의 효시
579,서울 고려대학교 중앙도서관,578,서울특별시 성북구 안암로 145,문의바람,이 건물은 고려대학교의 전신인 보성전문학교가 개교 30주년을 기념하여 세운 중앙도서관이다
580,동대문문화원,579,서울특별시 동대문구 왕산로 128,"09:00~18:00",동대문문화원은 지역전통문화행사를 주관하고 다양한 장르의 문화행사를 개최하여 지역주민이 문화향수를 위한 운영을 하고 있다
581,고려대학교 아이스링크,580,서울특별시 성북구 안암로 145,[매표소]주중 15:00~16:30주말 14:00~17:320,동계종목의 다양한 경기 진행이 가능한 아이스링크장
582,서울 고려대학교 본관,581,서울특별시 성북구 안암로 145,문의바람,역사가 담긴 유적
583,거북선나루터,582,서울 용산구 이촌동 302-183,"00:00 ~ 24:00",일반인들과 단체 생활의 팀워크 훈련장으로 이용되는 선착장
584,이촌한강공원,583,서울특별시 용산구 이촌로72길 62,문의바람,즐길거리가 많은 공간
585,은가어린이공원,584,서울특별시 서대문구 증가로20가길 91,"00:00 ~ 24:00",시민들 모두의 휴식처
586,롤링홀,585,서울특별시 마포구 어울마당로 35,공연에 따라 다름,선진공연 문화를 이끄는 자유로운 공간
587,서울한방진흥센터,586,서울특별시 동대문구 약령중앙로 26,"관람시간 : 10:00 ~ 18:00 (3~10월) / 10:00 ~ 17:00 (11~2월)
입장시간 : 10:00 ~ 17:00 (3~10월) / 10:00 ~ 16:00 (11~2월)",전통 한의학의 우수성과 안전성을 널리 알리는 곳
588,서울약령시 한의약박물관,587,서울특별시 동대문구 약령중앙로 26,"하절기(03~10월) 10:00~18:00
동절기(11~02월) 10:00~17:00",전국 한약재 거래량의 70% 이상을 차지하는 우리나라 최대의 한약 유통 중심지
589,응봉체육공원,588,서울특별시 성동구 응봉동 235,"00:00 ~ 24:00",다양한 종목의 스포츠를 즐길 수 있는 시설이 있는 곳
590,리버시티,589,서울특별시 강남구 압구정동 379-1,"06:30~19:30",도심 속에서 자연과 함께 즐기는 수상스포츠 !
591,응암정보도서관,590,서울특별시 은평구 가좌로 179 성지빌딩,"[2층 자료실, 3층 문화강좌실]
평일/주말 : 09:00 ~ 18:00","응암정보도서관은 ‘북한산 큰 숲, 사람의 마을 은평’에 위치한 공공도서관이다"
592,전쟁과여성인권박물관,591,서울특별시 마포구 월드컵북로11길 20,화~토 10:00 ~ 18:00 (입장마감 17:00),전쟁과 폭력 없는 세상을 만들어 나가는 박물관
593,성동4차산업혁명체험센터,592,서울특별시 성동구 살곶이길 327,홈페이지 참조,세상을 바꾸는 미래기술 체험 공간
594,이원등 상사상,593,서울특별시 용산구 양녕로 445,문의바람,이원등 상사의 전우애와 희생정신을 기리는 동상
595,서울성북 미디어문화마루,594,서울특별시 성북구 길음로7길 20,[글빛도서관] 화요일~일요일 09:00~18:00※ 시설별 상이하므로 전화문의,미디어 거점 공간으로 설립한 복합문화시설
596,노들섬,595,서울특별시 용산구 양녕로 445,"하절기 (3월~10월)
- 화~금 10:00 ~ 21:00
- 주말 및 공휴일 10:00 ~ 22:00
동절기 (11월~2월)
- 화~일 10:00 ~ 20:00
※ 야외공간 24시간 개방
※ 개별시설마다 운영시간이 다를 수 있습니다.",도심에서 만나는 섬
597,이랜드크루즈 (한강유람선),596,서울특별시 영등포구 여의동로 290 노들나루,매표 : 11:00~21:00 (평일/주말),한강에서 떠나는 낭만여행
598,무대륙,597,서울특별시 마포구 토정로5길 12,"12:00 - 24:00","낮에는 카페, 밤에는 분위기 있는 술집으로 변하는 복합문화공간 무대륙"
599,한강레져스포츠,598,서울특별시 영등포구 여의동로 280,"09:00~19:00","여의도 유람선 이랜드크루즈 선착장 바로 옆에 있는 한강레져스포츠에서는 모터보트와 제트스키를 비롯해 수상스키, 웨이크보드, 바나나보트 등 한강을 배경으로 다양한 수상레저를 즐길 수 있다"
600,오미요리연구소,599,서울특별시 동대문구 고산자로46길 22-1,"10:00~17:00",전통시장에서 배우는 다양한 요리 !
601,살곶이체육공원,600,서울특별시 성동구 사근동길 16-18,"24시간",시원한 강바람을 맞으며 즐기는 스포츠
602,신사공원,601,서울특별시 강남구 논현로189길 57,"00:00 - 24:00",서울 강남구 압구정에 있는 근린공원으로 가로수길과 한강시민공원 잠원지구 사이에 위치해 있다
603,여의도한강공원 멀티프라자,602,서울 영등포구 여의도동 84-4,"00:00 ~ 24:00",서울 마포대교 남단 여의도 한강공원에 있는 잔디 광장이다
604,물빛광장,603,서울특별시 영등포구 여의도동 84-9,매일 08:00 ~ 21:00,물빛광장 분수는 여의도 공원에서 한강으로 통하는 길목에 위치한 수경 공간이다
605,응암동 감자국 거리,604,서울특별시 은평구 응암로 172,"09:00~18:00","원조 감자국의 거리, 응암동 감자국 거리"
606,경국사(서울),605,서울특별시 성북구 보국문로 113-10,문의바람,삼각산(현 북한산)의 정기를 받아 정릉천이 흘러내리는 맑은 골에 자리잡은 경국사는 고려말에 창건된 고찰이다
607,메리모나크,606,서울특별시 서초구 잠원동 121-9,"09:00 ~ 22:00",잠원한강공원에 있어 한강뷰와 더불어 만남과 식사를 할 수 있는 로맨틱한 곳이다
608,오프컬리,607,서울특별시 성동구 서울숲2길 16-9,"12:00 ~ 21:00","마켓컬리로 유명한 주식회사 컬리의 첫 오프라인샵, 오프컬리이다"
609,한강방어백골부대전적비,608,서울특별시 영등포구 여의동로 343 여의나루역,문의바람,백골연대 장병들의 투혼을 기리기 위하여 백골 전우회에서 세운 전적비
610,한강시민공원 잠원수영장(실외),609,서울특별시 서초구 잠원로 221-124,"2023.6.23.(금)~8.20.(일)09:00~18:00※ 점심시간 12:00~12:40 입수 불가※ 매시 15분간 휴식시간-입수 불가",무더위를 타파할 수 있는 도심 속 수영장
611,잠원한강공원,610,서울특별시 서초구 잠원로 221-124,문의바람,빌딩 숲 사이 휴식과 레포츠의 공간
612,여의도 둘레길(여의도 자전거도로),611,서울특별시 영등포구 여의동로 330,문의바람,다채로운 볼거리가 가득한! 자전거 하이킹 명소
613,한강시민공원 여의도수영장(실외),612,서울특별시 영등포구 여의동로 330,"09:00 ~ 19:00",한강공원에는 여의도 한강공원 등 6개 공원에 수영장이 있다
614,여의도한강공원,613,서울특별시 영등포구 여의동로 330,문의바람,볼거리와 즐길거리가 풍부한 휴식공간
615,서울웨이브아트센터,614,서울특별시 서초구 잠원로 145-35,전시별 상이 홈페이지 참조,서울에 새로운 물결을 일으키다
616,서울색공원,615,서울특별시 영등포구 여의동로 330,문의바람,"서울 색공원은 마포대교 교각과 둔치 사이의 하부공간에 색을 주제로 조성된 시민공원(약 9,000㎡)이다"
617,서울기록원,616,서울특별시 은평구 통일로62길 7,"10:00~17:00",시민과 함께 만들어가는 열린 기록원
618,[북한산 둘레길] 5 명상길,617,서울특별시 성북구 정릉4동,문의바람,"도시로부터의 사색, 숲에서 나의 길을 묻다"
619,은평문화예술회관,618,서울특별시 은평구 녹번로 16,공연에 따라 다름,지역문화 향상과 예술의 진흥 발전을 위해 구민의 뜻을 모아 1994년 1월 착공하여 2년 9개월의 공사기간과 총 사업비 176억원을 들여 1996년 11월 15일 개관하였다
620,서울혁신파크,619,서울특별시 은평구 통일로 684,"09:00 ~ 18:00",사회 문제 해결을 고민하고 활동하는 사회 혁신가들이 캠퍼스와 같은 공간에 모여 소통과 협력하며 문제를 해결할 수 있도록 조성한 국내 최초 사회혁신 플랫폼이다
621,더서울라이티움,620,서울특별시 성동구 서울숲2길 32-14,화요일 - 일요일 10:00 ~ 19:00,국내 최대 규모의 복합문화 전시관
622,강남 시티투어 (트롤리버스),621,서울특별시 강남구 압구정로 161,문의바람,강남의 주요 관광명소를 순환하는 셔틀버스
623,한양대학교박물관,622,서울특별시 성동구 왕십리로 222,"10:00~17:00
※ 관람시간 종료 30분 전까지 입장 가능",선조들이 남긴 귀중한 문화유산
624,[북한산 둘레길] 8 구름정원길,623,서울특별시 은평구 불광동,문의바람,북한산 둘레길은 기존의 샛길을 연결하고 다듬어서 북한산 자락을 완만하게 걸을 수 있도록 조성한 저지대 수평 산책로이다
625,"63스퀘어",624,서울특별시 영등포구 63로 36,관람장 10:00 ~ 20:00,한강의 기적을 시각화 하는 여의도 복합문화공간
626,마포중앙도서관,625,서울특별시 마포구 성산로 128,주중 09:00~22:00주말 09:00~20:00,미래를 준비하는 복합교육 문화공간
627,서울 살곶이 다리,626,서울특별시 성동구 성수동,"24시간",지금까지 남아있는 조선 시대 다리 가운데 가장 긴 다리
628,청작화랑,627,서울특별시 강남구 압구정로 134,"10:00~19:00",젊은 작가들의 예술 공간
629,더페이지갤러리,628,서울특별시 성동구 서울숲2길 32-14,화~토 10:30~18:00,현대미술을 대중과 소통하는 미술관
630,Self Studio 씨잌,629,서울특별시 강남구 논현로175길 101-4,월~일 : 10:00~20:00목 : 11:00~20:00,특별한 이색 사진관
631,노들나루공원,630,서울특별시 동작구 노량진로 247,"00:00 ~ 24:00",본동시민공원이라고도 불리우는 서울시민들의 여가문화및 체육공간
632,아쿠아플라넷 63,631,서울특별시 영등포구 63로 50 63한화생명빌딩,"10:00~19:00 (매표마감 18:30)",도시에서 만나는 바닷속 인어이야기
633,서울숲,632,서울특별시 성동구 뚝섬로 273,"* 생태숲(사슴우리, 보행가교) - 05:30~21:30 (생태보전구역)
* 곤충식물원 - 10:00~17:00 (월요일 휴관), 동절기(11월 ~ 4월) 11:00 ~ 16:00 단축운영 
* 나비정원 - 10:00~17:00(5~10월, 월요일 휴관)
※ 휴관기(11~4월) 곤충식물원 2층에서 운영
* 바닥분수 가동시간 (5~9월 가동 / 월요일 정기점검)
- 5~6,9월 : 13시, 14시, 15시, 16시 30분씩 총 4회
- 7~8월 : 12시, 13시, 14시, 15시, 16시 30분씩 총 5회
* 방문자센터 (안내소, 서울숲이야기, 수유실 운영) - 10:00~18:00 / 동절기(11월~2월) 10:00~17:00","반려동물 동반가능한, 시민의 참여로 이루어진 최초의 공원"
634,섬세이 테라리움,633,서울특별시 성동구 서울숲2길 44-1,문의바람,다양한 자연의 감각을 오감으로 느낄 수 있는 맨발 체험 전시
635,골든블루마리나,634,서울특별시 서초구 올림픽대로 2085-14,월요일~목요일 14:00 ~ 21:30금요일~일요일 14:00~22:30,금빛 도시 속 파란 한강으로의 여행 골든블루마리나
636,플로팅아일랜드,635,서울특별시 서초구 올림픽대로 2085-14,문의바람,한강의 랜드마크의 컨벤션 센터
637,"63아트",636,서울특별시 영등포구 63로 50,"10:00 ~ 19:00 (매표마감 18:30)",아름다운 한강의 풍경과 어우러진 문화공간
638,예화랑,637,서울특별시 강남구 가로수길 73 예화랑,"평일 10:00~18:00
토요일 전시 중에만 운영","1978년 개관한 예화랑은 국내"
639,홍릉수목원,638,서울특별시 동대문구 회기로 57,"평일(화~금) 숲해설 10:30, 13:30, 15:30
주말_ 자유관람
하절기 09:00~18:00
동절기 09:00~17:00
주말_숲해설 
3월~11월 10:30, 14:00",홍릉수목원은 1922년 서울 홍릉에 임업 시험장이 설립되면서 조성된 우리나라 최초의 제1세대 수목원이다
640,영산아트홀,639,서울특별시 영등포구 여의공원로 101,공연에 따라 다름,영산 아트홀은 1999년 국민일보 신 사옥에 개관된 이후 명실상부한 정치·경제·문화의 중심지인 여의도에 새로운 문화활동 공간으로 자리 매김하고 있으며 2002년 9월에는 국내 전문 연주 홀로서는 최초로 오스트리아 리거 파이프오르간이 설치되었다
641,양화진홀 전시관,640,서울특별시 마포구 양화진길 46,"10:00~17:00",복음의 씨앗으로 이 땅에서 헌신한 선교사님들의 삶
642,용양봉저정 공원,641,서울특별시 동작구 현충로 16,"24시간 개방",서울 시내의 아름다운 경관을 볼 수 있는 공원
643,다크룸 포토매틱,642,서울특별시 강남구 압구정로4길 27-2,"11:00~20:00",나를 필름 카메라에 담아 남겨보자
644,양화진외국인선교사묘원(외인묘지),643,서울특별시 마포구 양화진길 46,월~토 10:00~17:00,한국을 사랑했던 외국인 선교사들의 마음을 느낄 수 있는 곳
645,북한산국립공원(서울),644,서울특별시 성북구 보국문로 262,문의바람,도심 속 시민들의 휴식공간
646,창희보석예술관,645,서울특별시 강남구 압구정로 210,"평일 10:00~18:00 / 토요일 10:00~17:00
※ 운영측 사정에따라 유동적",예술적인 감각과 장인정신
647,간데메공원,646,서울특별시 동대문구 서울시립대로2길 59,"00:00 ~ 24:00","어린이 놀이터, 연못, 팔각정, 장미 넝쿨 터널, 소나무 쉼터, 산책로가 조성되다"
648,UM갤러리,647,서울특별시 강남구 압구정로12길 25,"10:00~19:00",UM 갤러리는 청주에서 10년을 활동해 온 무심갤러리가 서울 청담동에 또 하나의 공간인 UM 갤러리를 마련하여 2002년 8월 문을 열었다
649,세종대왕박물관,648,서울특별시 동대문구 회기로 56,"하절기(3~10월) 09:00~18:00
동절기(11~2월) 09:00~17:30
※ 입장마감 : 끝나기 30분 전",서울 가족과 함께 즐기는 역사박물관
650,서울 영휘원(순헌황귀비)과 숭인원(이진),649,서울특별시 동대문구 홍릉로 90,"3~10월 09:00~18:30
11~2월 09:00~17:30
※ 매표는 마감 1시간 전까지",영휘원 안에는 조선왕조 제 26대 고종의 후궁이며 영친왕의 생모인 순헌귀비 엄씨의 원인 영휘원과 영친왕의 첫째 아들의 원인 숭인원이 있다
651,세빛섬,650,서울특별시 서초구 올림픽대로 2085-14,"*시설별로 다르므로, 홈페이지 참고",한강을 아름답게 밝혀주는 세개의 빛나는 섬
652,정몽주 동상,651,서울특별시 마포구 합정동,문의바람,"1970년 10월 16일 건립되었으며 합정동 양화대교 입구 녹지대에 있다"
653,한국천주교순교자박물관,652,서울특별시 마포구 토정로 6,"09:30~17:00",병인박해의 역사를 기리는 공간
654,절두산 순교성지,653,서울특별시 마포구 토정로 6,"09:30~17:00",한국 천주교의 역사에 대하여 알아갈 수 있는 곳
655,효사정,654,서울특별시 동작구 현충로 55,"00:00~24:00",시원스레 펼쳐진 한강의 경치가 아름다운 곳
656,갤러리 인데코,655,서울특별시 강남구 압구정로36길 8,"10:30 ~ 17:30",국내외 다양한 전시기획을 주관하는 곳
657,신사동 가로수길,656,서울특별시 강남구 신사동 일대,상시 가능,하루가 모자른 가로수길
658,한강,657,서울특별시 성동구 강변북로 257,문의바람,우리 민족과 더불어 기쁨과 슬픔을 함께 해 온 우리 삶의 터전
659,수도박물관,658,서울특별시 성동구 왕십리로 27,"하절기(3~10월) 평일 10:00~20:00 /공휴일 10:00~19:00
동절기(11~2월) 평일 10:00~19:00 /공휴일 10:00~18:00","상수도 역사의 과거, 현재, 미래가 있는 곳"
660,금선사(서울),659,서울특별시 종로구 비봉길 137,문의바람,아름다운 자연환경과 솔내음이 가득한 아름다운 사찰
661,북한산 자락길,660,서울특별시 성북구 솔샘로25가길 8,문의바람,소나무·잣나무 숲터널을 가로지르며 삼림욕을 즐길 수 있는 곳
662,사육신공원,661,서울특별시 동작구 노량진로 191,문의바람,충절로 남긴 이름
663,다도화랑,662,서울특별시 강남구 논현로159길 24,"10:00 ~18:00",문화발전에 기여하는 다도화랑
664,엘크레,663,서울특별시 강남구 도산대로15길 41,"평일 10:00~20:00
토요일 10:00~19:00
※ 매주 일요일 휴무",k-뷰티의 아름다움을 배워보자 !
665,스파레이,664,서울특별시 서초구 강남대로107길 5,"24시간",전통 동유럽 분위기를 물씬 느낄 수 있는 스파
666,윌리엄해밀턴쇼 동상,665,서울특별시 은평구 응암로 376,문의바람,서위렴2세를 추모하는 공간
667,청량사(서울),666,서울특별시 동대문구 제기로31길 10-3 청량사,문의바람,서울 동대문구 청량리동에 위치한 사찰
668,답십리 고미술상가,667,서울특별시 동대문구 고미술로 39,문의바람,독특하고 신기한 고미술품을 판매하는 곳
669,서울옥션 강남센터,668,서울특별시 강남구 언주로 864,매일 10:00 - 19:00 (13:00 - 13:30 방역),서울옥션은 1998년 설립된 국내 최초의 미술품 경매 회사다
670,[북한산 둘레길] 4 솔샘길,669,서울특별시 성북구 솔샘로25길 121-50,문의바람,북한산의 자연 그대로의 모습과 인공적인 모습이 공존하는 코스
671,립바이 메이크업 스튜디오,670,서울특별시 강남구 논현로155길 8,"10:00~22:00 (예약제 운영)",내 얼굴에 맞는 화장법을 찾아서
672,여의도공원 문화의마당,671,서울특별시 영등포구 여의공원로 68,상시 개방,여가와 휴식을 즐길 수 있는 문화공간인 여의도공원
673,여의도공원,672,서울특별시 영등포구 여의공원로 68 여의도공원관리사무소,"24시간","뉴욕에 센트럴파크, 런던에 하이드파크가 있다면 서울에는 여의도공원이 있다"
674,반포한강공원 달빛광장,673,서울특별시 서초구 신반포로11길 40,"00:00 - 24:00","서울 반포대교와 잠수대교 한강 남단에 있는 반포한강공원의 중심 광장으로, 달의 모습을 형상화하여 만든 테마 광장이다"
675,반포한강공원,674,서울특별시 서초구 신반포로11길 40 한강공원 반포 안내센터,반포대교 달빛무지개분수 가동시간은 확인후 방문,세계에서 가장 긴 교량분수가 있는 곳
676,반포 서래섬,675,서울특별시 서초구 신반포로11길 40,"24시간",도심속에 자리잡은 시민들의 휴식공간
677,반포대교 달빛무지개분수,676,서울특별시 서초구 신반포로11길 40,"비수기(4~6월, 9~10월) : 12:00, 19:30, 20:00, 20:30, 21:00(매회 20분)
성수기(7~8월) : 12:00, 19:30, 20:00, 20:30, 21:00, 21:30(매회 20분)",아름다운 야경을 선물하는 곳
678,한국잡지정보관,677,서울특별시 영등포구 여의대방로67길 11,평일10:00~18:00,우리민족의 발자취와 세대의 흐름
679,망원정지,678,서울특별시 마포구 동교로8안길 23,문의바람,합정동에 위치하고 있는 정자로서 서울시 기념물
680,코리아나 화장박물관,679,서울특별시 강남구 언주로 827,"화-금 11:00 ~ 18:00
토요일 12:00 ~ 18:00",국내 유일의 전문 화장박물관
681,북한산 족두리봉,680,서울특별시 은평구 불광동 산 43-108,일출 ~ 일몰,서울 은평구에서 즐기는 산행코스
682,조선일보 뉴지엄,681,서울특별시 동작구 현충로 124,화~일 10:00~18:00,"스마트한 신문 세상을 향한 한 걸음

조선일보 뉴지엄은 뉴스(News)와 박물관(Museum)의 개념을 함께 아우른 공간으로, 조선일보 역사기념관과 미디어체험관으로 구성되어 있다"
683,자매공원(앙카라공원),682,서울특별시 영등포구 여의대방로 372-1,"00:00~24:00","터키의 수도, 앙카라시와의 자매결연을 기념하며!"
684,국회의사당,683,서울특별시 영등포구 의사당대로 1,문의바람,"여의도 면적 80만 평 가운데 의사당 대지 10만 평에 건물면적 2만 4,636평을 차지하는 지하 2층 지상 8층의 석조건물이다"
685,국회 방문자센터 헌정기념관,684,서울특별시 영등포구 의사당대로 1,"평일 09:00~18:00 (17:00까지 입장)
토요일 10:00 ~ 13:00 (12:00까지 입장)","헌정기념관은 1998년 5월 29일 국회개원 50주년 기념사업의 일환으로 건립, 개관하여 국민에게 개방해오고 있다"
686,서울마리나 요트&클럽,685,서울특별시 영등포구 여의서로 160,"10:00~22:00  탑승 10분전 도착",한강에서 즐기는 수상레저와 요트문화
687,공간 와디즈,686,서울특별시 성동구 연무장1길 7-1,일~목 11:00~20:00 금~토 11:00~21:00,펀딩과 체험을 동시에 즐기자 !
688,천간사,687,서울특별시 은평구 불광로10길 20-8,상시 가능,서울에서 떠나는 사찰여행
689,승가사(서울),688,서울특별시 종로구 비봉4길 213,문의바람,"승가사는 진흥왕순수비로 유명한 북한산 비봉에서 동쪽으로 1km쯤 떨어져 있으며, 승가대사를 봉안한 독특한 사찰이다"
690,내원사(서울),689,서울특별시 성북구 보국문로 262-151 내원사,문의바람,북한산 자락에 자리하고 있는 역사깊은 사찰
691,은평구생활체육광장,690,서울특별시 은평구 증산로5길 35-27,"00:00 ~ 24:00","신선한 공기를 마실 수 있는 46,100㎡ 규모의 체육공원"
692,헬로우뮤지움,691,서울특별시 성동구 성수일로12길 20,"10:00 ~ 18:00",국내 최초의 사립 어린이 미술관
693,압구정 로데오거리,692,서울특별시 강남구 압구정동,상시 가능,"한국의 ‘유행1번지’, 압구정 로데오거리"
694,도산안창호기념관,693,서울특별시 강남구 도산대로45길 20,"평일 10:00~18:00
주말/공휴일 11:00~18:00",스스로 삶의 중심과 길을 잡아가는 산교육의 마당
695,학동공원,694,서울특별시 강남구 논현동 279-75,"24시간 개방",남녀노소 편안한 시간을 즐기도록
696,AHC스파,695,서울특별시 강남구 도산대로 237,"12:00~21:00",AHC 코스메틱 케어와 전문가의 손길로 완성되는 스페셜 스파 케어
697,갤러리JJ,696,서울특별시 강남구 논현로 745,"11:00~18:30",다양한 미술문화를 만나는 공간
698,CTS아트홀,697,서울특별시 동작구 노량진로 100,공연에 따라 다름,CTS기독교 TV는 행사를 성공적으로 개최하실 수 있도록 CTS아트홀과 CTS컨벤션홀을 운영하고 있다
699,설화수 플래그십 스토어,698,서울특별시 강남구 도산대로45길 18,"10:00 - 20:00",몸과 마음에 휴식을 주는 감각적인 공간
700,풋볼 팬타지움,699,서울특별시 마포구 월드컵로 240,"10:00~18:00 (입장마감 17:00)",축구를 테마로 한 복합문화공간
701,갤러리 나우,700,서울특별시 강남구 언주로152길 16,"10:00 - 19:00",현대 사진 예술작품을 만나는 공간
702,갤러리 마노,701,서울특별시 강남구 압구정로46길 71,"화요일-토요일
10:30 - 18:00",젊은 작가들의 역량을 펼쳐주는 갤러리
703,"서울교통공사 (신정,수서,천왕)",702,서울특별시 성동구 천호대로 346,문의바람,교통약자를 대상으로 쉽고 재미있게 안전교육을 받을 수 있는 곳
704,"서울교통공사 차량기지 (도봉, 모란기지)",703,서울특별시 성동구 천호대로 346,문의바람,안전 체험과 함께 궁금증 해결!
705,"서울교통공사 차량기지 (고덕, 방화, 수서, 군자, 신정, 신내, 천왕, 창동)",704,서울특별시 성동구 천호대로 346,문의바람,첫째도 안전 둘째도 안전!
706,도산공원,705,서울특별시 강남구 도산대로45길 20,"24시간",강남 빌딩 숲 속 안창호선생님의 애국정신이 잠들어 있는 곳
707,KBS온,706,서울특별시 영등포구 여의공원로 13,"09:30 ~ 17:30 (17:00까지 입장)",국내 최초의 방송 전시관
708,한생연 휴먼탐구과학관,707,서울특별시 서초구 반포대로 300,평일 09:30 - 18:00주말 09:00 - 18:00점심시간 12시30분~1시30분,서울 서초구 반포(지하철 고속터미널역)에 위치한 휴먼 탐구 과학관은 전문과학해설사와 함께 하는 체험형 인체 탐험 과학관으로 ㈜한생연 산하 7대 테마 과학관 중 한 곳이다
709,한강시민공원 망원지구(망원한강공원),708,서울특별시 마포구 마포나루길 467,"00:00~24:00",야경이 아름다운 산책 명소
710,연화사(서울),709,서울특별시 동대문구 경희대로3길 56,문의바람,연화사(蓮華寺)는 서울시 동대문구 회기동 천장산(天藏山) 자락에 자리한 대한불교 조계종 직할 말사이다
711,서울새활용플라자,710,서울특별시 성동구 자동차시장길 49,"10:00~18:00",세계 최대 규모의 새활용 복합 문화 공간
712,호림아트센터(호림박물관 신사분관),711,서울특별시 강남구 도산대로 317,"10:30~18:00
※ 입장은 관람종료 1시간 전까지","성보문화재단 호림박물관은 2009년 6월, 문화예술을 사랑하는 모든 분께 더 가까이 다가가고자, 관악구 신림동의 신림본관에 이어 문화의 중심지로 떠오르고 있는 강남구 신사동 호림아트센터 내에 신사분관을 개관하였다"
713,서울월드컵경기장 스타디움 투어,712,서울특별시 마포구 월드컵로 240,"09:00~18:00 / 50분간",‘월드 사커’가 선정한 세계에서 가장 아름다운 10대 축구 경기장
714,서울월드컵경기장,713,서울특별시 마포구 월드컵로 240,문의바람,"축구 경기뿐만 아니라 문화예술행사, 종교행사 등 각종 행사 장소로도 좋은 서울월드컵경기장"
715,피규어뮤지엄W,714,서울특별시 강남구 선릉로158길 3,"13:00~17:00",피규어 및 토이테마의 새로운 개념의 뮤지엄
716,쾨닉 서울,715,서울특별시 강남구 압구정로 412,"11:00  ~ 19:00",가장 흥미로운 현대 미술을 선도하는 갤러리
717,K현대미술관,716,서울특별시 강남구 선릉로 807,"10:00 ~ 19:00 (18시 입장 마감)","서울 강남구 압구정동 중심에 위치한 K현대미술관은 6개 층 전시장 4,959㎡ 규모의 사립 미술관이다"
718,한수공원,717,서울특별시 서초구 신반포로49길 9,"00:00 ~ 24:00",시민공원과 이어지는 산책길
719,타우요가 청담 본사,718,서울특별시 강남구 선릉로 822,평일 09:00 - 22:00,"타우 요가(TAO YOGA)는 현 시대 가장 영향력 있는 요가 스타일을 제시하는 요가센터로, 청담 본사는 전문가들을 위한 프리미엄 클래스를 운영하고 있다"
720,SJ쿤스트할레,719,서울특별시 강남구 언주로148길 5,문의바람,문화 예술계의 만남의 장소이자 토론의 장이 되는 플랫폼
721,평화광장,720,서울특별시 마포구 월드컵로 251,"00:00 ~ 24:00",서울시 마포구 성산동에 위치한 광장으로 서울 월드컵 경기장 앞에 펼쳐져 있다
722,성수동 수제화거리,721,서울특별시 성동구 연무장7길 15,문의바람,국내 최대 수제화 산업지역
723,선유도공원,722,서울특별시 영등포구 선유로 343,"06:00~24:00",과거 정수장 건축구조물을 재활용하여 만들어진 공원
724,동덕여자대학교 박물관,723,서울특별시 성북구 화랑로13길 60,"10:00~17:00(방학중 10:00~16:00)
※ 관람종료 1시간 전까지 입장 가능",우리의 우수한 여성관련 유물을 보존하는 곳
725,국립서울현충원,724,서울특별시 동작구 현충로 210,"[개방시간] 06:00~18:00
[견학시간] 09:00~17:00","국가와 민족의 성역, 국민과 함께하는 호국추모공원"
726,여의도샛강생태공원,725,서울특별시 영등포구 여의동로 48,문의바람,국내 최초로 조성된 생태공원
727,스탈릿성수,726,서울특별시 성동구 아차산로 104 스탈릿성수,문의바람,성수동 핫플 도심형 복합상업시설
728,관세박물관,727,서울특별시 강남구 언주로 721,월~금 10:00~17:00,우리나라 세관의 역사를 볼 수 있는 공간
729,영동 예맥화랑,728,서울특별시 강남구 강남대로 546,"10:00~18:00","영동 예맥화랑(영동시장 4거리)은 1992년 9월 개관 이래 회화, 조각, 공예 분야의 정예작가, 중견 및 원로 작가들을 초대, 전시를 통한 지역사회의 문화 진흥에 기여해 왔으며, 미적 인간상 확립, 미적 환경상 조성, 미적 생활상 정립, 문화산업을 통한 국제 문화 교류의 장으로 신인발굴 및 소장자와의 교량적 역할을 목적으로 하고 있다"
730,네츄럴 스파 블랑,729,서울특별시 강남구 논현로134길 9,오전10:00 - 익일01:00,서울 도심속 웰니스공간
731,마포 문화비축기지,730,서울특별시 마포구 증산로 87,"문화비축기지 00:00~24:00
Cafe Tank6 10:00~19:00
※ 시설별 운영시간 10:00~18:00(일자별 프로그램 공지사항 참고)",반려동물과 함께 거닐어보는 친환경과 재생의 아이콘
732,빨래골,731,서울특별시 강북구 인수봉로23길 60,"00:00 ~ 24:00",묽이 많고 맑은 곳
733,경희대학교 중앙박물관,732,서울특별시 동대문구 경희대로 26,"월~금요일 10:00~17:00
※ 단체관람 및 연구자를 위해 공휴일 이외에는 항시 개관(사전예약)","경희대학교 중앙박물관은 1956년 개관한 이래 고고역사민속 중심의 제1종 종합박물관으로서 학술, 교육, 전시, 문화재 지표 및 발굴조사 등 다양한 활동을 통하여 대학문화를 선도하고 있다"
734,경희대학교 자연사박물관,733,서울특별시 동대문구 경희대로 26,월~금 10:00~17:00,도시 가운데 작은 자연
735,양화한강공원,734,서울특별시 영등포구 노들로 221 한강사업본부 양화안내센터,문의바람,넓게 조성된 잔디밭에서 바라보는 탁 트인 전망
736,서울시립대학교박물관,735,서울특별시 동대문구 서울시립대로 163,"월~금 10:00~12:00, 13:00~17:00",우리 민족의 역사를 더 구석구석
737,갤러리 원,736,서울특별시 강남구 압구정로71길 14,월~금 10:00~18:00,모든 관람객들에게 색다른 경험을 선사하는 곳
738,갤러리 엠,737,서울특별시 강남구 압구정로71길 14,"월~금 10:00~18:30
토요일, 공휴일 10:00~18:00",가능성이 풍부한 작가들의 작품을 볼 수 있는 곳
739,유 아트 스페이스,738,서울특별시 강남구 압구정로71길 10,"10:00 ~ 18:00",작지만 깔끔한 느낌을 주는 전시관
740,성수동 카페거리,739,서울특별시 성동구 성수동2가,문의바람,볼거리와 먹거리가 가득한 핫 플레이스
741,[충효길코스 1코스] 고구동산길,740,서울특별시 동작구 상도로53길 70,"00:00~24:00",자연이 살아 숨쉬는 공간
742,반포종합운동장,741,서울특별시 서초구 신반포로16길 30,매일 06:00 ~ 22:00,서초구민의 스포츠를 위해 열린 체육시설
743,성수연방,742,서울특별시 성동구 성수이로14길 14,"10:00~22:00","성수연방은 각자의 분야에서 특별한 개성과 능력, 이야기를 가진 구성원들이 모인 ‘생활 문화 소사이어티 플랫폼’이다"
744,청담패션거리,743,서울특별시 강남구 청담동,상시이용가능,청담역 사거리에서 갤러리아 백화점에 이르는 대로변에는 명품 브랜드 매장이 밀집되어 있다
745,송은,744,서울특별시 강남구 도산대로 441,매일 11:00~18:30,기획 전시와 다양한 프로그램을 선보이다
746,플랫폼엘,745,서울특별시 강남구 언주로133길 11,화~일 11:00~20:00,패션기업 루이까또즈에서 운영하는 복합문화시설
747,플랫폼엘컨템포러리아트센터,746,서울특별시 강남구 언주로133길 11,화요일~일요일 11:00 - 20:00,복합문화공간
748,서울함공원,747,서울특별시 마포구 마포나루길 407,"하계(3월~10월)
- 평일 : 10:00 ~ 19:00
- 주말 : 10:00 ~ 20:00

동계(11월~2월)
- 평일 : 10:00 ~ 17:00
- 주말 : 10:00 ~ 18:00
※ 매주 월요일은 휴관",호국의 정신을 키울 수 있는 의미있는 도심의 휴식공간
749,서울특별시교육청 동작도서관,748,서울특별시 동작구 장승배기로 94,"[종합자료실] 평일 09:00~20:00 / 주말 09:00~17:00
[디지털자료실] 평일 09:00~19:00 / 주말 09:00~17:00
[어린이실] 평일 09:00~18:00 / 주말 09:00~17:00
[자율학습실/노트북실]
평일 07:00~22:00","찾고 싶고, 머물고 싶은 도서관"
750,김리아 갤러리,749,서울특별시 강남구 압구정로75길 5 리아빌딩,"11:00~18:00",다양한 미술작품을 만날 수 있는 공간
751,평화잔디광장,750,서울특별시 마포구 증산로 32,"00:00 ~ 24:00",서울시 마포구 성산동에 위치한 월드컵 공원의 5개 테마 중 하나인 평화의 공원 내 잔디광장으로 서울 최대의 크기를 자랑하고 있다
752,아모레 성수,751,서울특별시 성동구 아차산로11길 7,화요일 ~일요일 10:30 ~ 20:30,뷰티브랜드 아모레의 제품 체험과 휴식이 가능한 플래그십 스토어
753,서울여성플라자,752,서울특별시 동작구 여의대방로54길 18,문의바람,국내 최대 여성복합문화공간
754,아트홀 봄,753,서울특별시 동작구 여의대방로54길 18,공연에 따라 다름,여성과 가족을 위한 행복한 문화공연장
755,반공순국용사 위령탑,754,서울특별시 영등포구 신길1동 20-4,문의바람,호국용사들을 추모하기 위해 건립된 탑
756,리얼월드 성수,755,서울특별시 성동구 연무장13길 8,"평일 09:00~20:00
주말 11:00~20:00",스토리 속 주인공이 되어보는 이색 체험 공간
757,서초YMCA 수영장(실내),756,서울특별시 서초구 사평대로 55,※ 홈페이지 참조 요망,지역주민의 건강과 여가생활 증진을 위해 힘쓰는 서초 YMCA
758,심산기념문화센터,757,서울특별시 서초구 사평대로 55,"09:00~18:00 (시설에따라 상이함)",시민들을 위한 교육문화 공간
759,에스팩토리,758,서울특별시 성동구 연무장15길 11,"1층 11:00 ~ 21:00 
3층 11:00 ~ 23:00",즐기며 배우는 공간
760,동작문화원,759,서울특별시 동작구 장승배기로10길 42,강좌시간에 따라 다름,전통과 미래가 숨쉬는 곳
761,호국지장사(서울),760,서울특별시 동작구 현충로 210,문의바람,국립서울 현충원 내 위치하여 있는 호국지장사
762,갤러리미,761,서울특별시 강남구 압구정로 461 네이처 포엠,평일 10:00 ~ 19:00토요일 10:00 ~ 17:00,다양한 기획 전시를 진행하는 예술공간
763,서울에너지드림센터,762,서울특별시 마포구 증산로 14,"10:00 - 17:00 (마감시간 30분 전까지 입장가능)",국내 최초 에너지 자립형 친환경 건축물
764,샘터화랑,763,서울특별시 서초구 고무래로8길 4,"10:00~19:00",한국의 근 현대 미술을 선도하는 화랑
765,DMC 홍보관,764,서울특별시 마포구 월드컵북로 366,월~토 10:00~17:00 (일요일 및 공휴일 휴무),디지털미디어시티사업을 종합적으로 안내하기 위한 곳
766,DMC(디지털미디어시티) 자전거코스,765,서울특별시 마포구 월드컵북로 366,문의바람,"DMC는 디지털미디어시티(Digital Media City)의 약자로, 과거 쓰레기산이었던 난지도를 서울시에서 변화시켜 세계 최상의 첨단문화산업단지로 조성중인 곳이다"
767,달마사(서울),766,서울특별시 동작구 서달로 50-26,문의바람,여유롭고 낭만있는 사찰
768,서울특별시교육청 영등포평생학습관,767,서울특별시 영등포구 버드나루로15길 10,"[문헌정보실] 평일 09:00~20:00 / 주말 09:00~17:00 
[디지털/간행물실] 평일 09:00~18:00 / 주말 09:00~17:00
[어린이실] 평일 09:00~18:00 / 주말 09:00~17:00
[자율학습실]*코로나 19관련 제한 운영
 평일 07:00~21:00 / 주말 07:00~21:00","지역주민의 삶의 질 향상과 자아실현을 위한 다양한 평생학습 프로그램을 운영하여 자기계발의 기회를 제공하고, 독서 문화정착과 지역사회 지식, 정보 문화센터의 역할을 하기 위해 많은 자료를 비치하고 이용자의 편의를 우선하여 서비스하고 있다"
769,YTN,768,서울특별시 마포구 상암산로 76,"월~금 10:00, 14:00 (1일2회)",뉴스가 만들어지는 현장
770,은평문화원,769,서울특별시 은평구 수색로 282,강좌에 따라 다름,은평문화원은 은평 지역의 특색있는 전통문화를 계승 발전시키고 다양한 문화사업으로 지역주민에게 문화욕구를 충족시키고자 한다
771,서초구립반포도서관,770,서울특별시 서초구 고무래로 34,"화~금요일 : [어린이자료실] 09:00~18:00/[종합자료실1,2] 09:00~22:00 
토~일요일 : [도서관전체] 09:00~18:00",서초구민의 지원과 열망으로 세워진 반포도서관은 삶 속의 도서관(Library in the life of Users)을 지향한다
772,갤러리 피치,771,서울특별시 강남구 도산대로87길 25,"09:00~18:00",갤러리 피치는 다양한 형태의 전시를 위해 마련된 공간이다
773,배봉산,772,서울특별시 동대문구 전농동,문의바람,해발 108m의 배봉산에 조성된 배봉산근린공원은 산지형 공원으로 비탈졌으나 무장애 둘레길이 있어 수월하게 오를 수 있는 공원이다
774,화계사(서울),773,서울특별시 강북구 화계사길 117,문의바람,대한불교조계종 직할교구소속의 전통사찰
775,e스포츠 명예의 전당,774,서울특별시 마포구 매봉산로 31 S-PLEX CENTER,화 ~ 일요일 11:00~18:00,e스포츠의 역사가 있는 곳
776,JTBC,775,서울특별시 마포구 상암산로 48-6,"월~금 10:00, 15:00",프로그램을 체험하는 공간
777,청화랑,776,서울특별시 강남구 삼성로147길 4,평일 10:30~18:00 / 토요일 11:00~17:00 / 일요일 12:00~17:00(전시가 있을 경우에만 오픈),역량 있는 신인작가들의 작품을 만날 수 있는 곳
778,그린워커스,777,서울특별시 성동구 성수이로26길 47,"화,수,목,금 12:00 ~ 19:00토,일 12:00 ~ 18:00",그린워커스는 플라스틱방앗간X노플라스틱선데이가 함께 만드는 자원순환 복합문화공간이다
779,디지털 파빌리온,778,서울특별시 마포구 월드컵북로 396,"10:00~17:00",IT 기업의 신제품과 기업 홍보 공간
780,한국영상자료원,779,서울특별시 마포구 월드컵북로 400,화~일 10:00 ~ 19:00 ,영상자료의 공간
781,와이키키레저,780,서울특별시 마포구 마포나루길 332,"06:00~23:59",계절에 구애받지 않고 즐길 수 있는 매력적인 레포츠
782,한국영화박물관,781,서울특별시 마포구 월드컵북로 400,평일(화·금) : 10:00~19:00 / 토·일·공휴일: 10:00~18:00 / 매월 마지막 주 수요일: 10:00~21:00,근대에서 현대까지 한국영화 100년사
783,국립중앙도서관,782,서울특별시 서초구 반포대로 201,"09:00 ~ 18:00 / 수요일 09:00 ~ 21:00",국가 지식 정보 자원의 보고
784,동작청소년문화의집,783,서울특별시 동작구 상도로15바길 5,"화요일 ~ 토요일 : 09:00~21:00 일요일, 공휴일 : 09:00~18:00","서울 동작구 상도동에 있는 청소년을 위한 공연, 밴드 연습, 댄스 연습 등 무대와 음악 활동을 할 수 있는 공간이다"
785,서래마을,784,서울특별시 서초구 반포동,문의바람,"프렌치 레스토랑과 와인바, 카페 등이 들어서 있어 프랑스 마을 같은 서래마을"
